timestamp,left_velocity_cache,right_velocity_cache,left_acceleration_cache,right_acceleration_cache
28821837221800,0.19822090708501464,5.334879976321991,[1097.0, 396.0],[1097.0, 396.0],(720.0, 943.0),(25.0, 519.0)
28821842685100,0.2322466773252782,0.14313715224731177,[1097.0, 397.0],[1097.0, 397.0],(301.0, 954.0),(784.0, 579.0)
28821848103800,0.06207324642886179,0.0354987575428559,[1097.0, 397.0],[1097.0, 397.0],(1004.0, 537.0),(237.0, 939.0)
28821854141400,0.0,0.0,[1097.0, 397.0],[1097.0, 397.0],(12.0, 863.0),(769.0, 169.0)
28821860034000,0.0,0.0,[1097.0, 397.0],[1097.0, 397.0],(494.0, 44.0),(706.0, 924.0)
28821865446000,0.0,0.0,[1097.0, 397.0],[1097.0, 397.0],(115.0, 300.0),(331.0, 962.0)
28821870874700,0.0,0.0,[1097.0, 397.0],[1097.0, 397.0],(1073.0, 807.0),(64.0, 956.0)
28821877100600,0.07558578986864756,0.046554934822007565,[1097.0, 397.0],[1097.0, 397.0],(403.0, 441.0),(814.0, 716.0)
28821883454100,0.06740815638578686,0.21231422504180922,[1097.0, 397.0],[1097.0, 397.0],(637.0, 989.0),(539.0, 314.0)
28821890337800,0.08354218880360188,0.1851851851766118,[1097.0, 396.0],[1097.0, 396.0],(469.0, 798.0),(817.0, 360.0)
28821896536300,0.06600660065788758,0.0673400673378,[1097.0, 396.0],[1097.0, 396.0],(546.0, 505.0),(397.0, 495.0)
28821902208400,0.0,0.0,[1097.0, 396.0],[1097.0, 396.0],(753.0, 790.0),(659.0, 351.0)
28821908180600,0.0,0.0,[1097.0, 396.0],[1097.0, 396.0],(541.0, 439.0),(458.0, 1061.0)
28821913588700,0.044326241133769366,0.03958828186778329,[1097.0, 396.0],[1097.0, 396.0],(752.0, 884.0),(842.0, 942.0)
28821919536300,0.1396648044660227,0.12987012986731883,[1097.0, 396.0],[1097.0, 396.0],(716.0, 91.0),(770.0, 914.0)
28821925360800,0.4050065840191239,2.0058299188917776,[1096.0, 396.0],[1096.0, 396.0],(443.0, 123.0),(173.0, 18.0)
28821931825000,0.206605842776302,0.16679108460498748,[1095.0, 396.0],[1095.0, 396.0],(827.0, 774.0),(1041.0, 936.0)
28821937899200,0.36245094268561456,0.2958581742333762,[1095.0, 395.0],[1095.0, 395.0],(514.0, 436.0),(694.0, 516.0)
28821944026900,0.634516930393098,1.117921129246913,[1094.0, 394.0],[1094.0, 394.0],(168.0, 455.0),(487.0, 91.0)
28821950018700,0.38542411397026183,0.6198032900657929,[1094.0, 394.0],[1094.0, 394.0],(836.0, 285.0),(392.0, 193.0)
28821955777500,0.5823672304139685,0.3574919887178214,[1093.0, 394.0],[1093.0, 394.0],(445.0, 267.0),(920.0, 408.0)
28821961660700,1.0651524383757969,1.5651120203340463,[1092.0, 392.0],[1092.0, 392.0],(881.0, 159.0),(231.0, 120.0)
28821967480100,3.264245885803089,5.5714049763542,[1092.0, 392.0],[1092.0, 392.0],(351.0, 63.0),(635.0, 36.0)
28821972819000,3.9560381979591894,0.6318176723228923,[1090.0, 391.0],[1090.0, 391.0],(104.0, 216.0),(690.0, 796.0)
28821978791700,9.62993087266892,0.8816800089965877,[1087.0, 389.0],[1087.0, 389.0],(52.0, 441.0),(977.0, 325.0)
28821984748700,10.079828605613947,2.71293669714729,[1085.0, 389.0],[1085.0, 389.0],(43.0, 927.0),(165.0, 294.0)
28821990736800,1.7468196155296167,0.8602941462715831,[1082.0, 387.0],[1082.0, 387.0],(232.0, 594.0),(479.0, 806.0)
28821996461300,1.7076929993153627,0.7991993858518084,[1082.0, 387.0],[1082.0, 387.0],(302.0, 180.0),(555.0, 977.0)
28822002461800,93.33345769956767,0.65335652970861,[1078.0, 386.0],[1078.0, 386.0],(5.0, 874.0),(729.0, 1020.0)
28822008758100,1.076149274953798,2.490615427190828,[1076.0, 385.0],[1076.0, 385.0],(434.0, 180.0),(161.0, 572.0)
28822014729100,0.6397278244122184,0.5515290910495364,[1074.0, 385.0],[1074.0, 385.0],(473.0, 399.0),(741.0, 89.0)
28822020575900,0.4115554816462104,2.778900615930869,[1074.0, 385.0],[1074.0, 385.0],(919.0, 133.0),(108.0, 422.0)
28822025920300,4.303660293612233,0.9923283308228279,[1071.0, 385.0],[1071.0, 385.0],(62.0, 447.0),(270.0, 693.0)
28822031489600,0.2663705745617118,1.485805314460761,[1070.0, 384.0],[1070.0, 384.0],(916.0, 856.0),(158.0, 408.0)
28822037545500,0.7205410328741719,0.8208404358196295,[1070.0, 384.0],[1070.0, 384.0],(282.0, 262.0),(457.0, 48.0)
28822043181700,0.7054673721029335,1.4492753621875656,[1068.0, 384.0],[1068.0, 384.0],(378.0, 957.0),(184.0, 597.0)
28822049309900,0.2530044275734819,1.1347517729691665,[1067.0, 384.0],[1067.0, 384.0],(1054.0, 611.0),(235.0, 286.0)
28822055100100,0.8960573475899589,0.8291873962828202,[1065.0, 384.0],[1065.0, 384.0],(186.0, 825.0),(201.0, 246.0)
28822061095800,0.18018018017612208,0.2011060834539692,[1065.0, 384.0],[1065.0, 384.0],(740.0, 463.0),(663.0, 727.0)
28822067126900,0.3121098626619192,0.3736920777139876,[1065.0, 384.0],[1065.0, 384.0],(534.0, 788.0),(446.0, 586.0)
28822072593400,0.27210884353278725,0.2656042496635856,[1063.0, 384.0],[1063.0, 384.0],(980.0, 410.0),(1004.0, 971.0)
28822078680000,0.40342914774575317,0.3836930455543479,[1062.0, 384.0],[1062.0, 384.0],(661.0, 387.0),(695.0, 446.0)
28822084214200,14.583333318142362,0.34773969199334975,[1060.0, 384.0],[1060.0, 384.0],(16.0, 704.0),(671.0, 585.0)
28822090032000,0.2672010687998129,0.29695619895514186,[1060.0, 384.0],[1060.0, 384.0],(998.0, 815.0),(898.0, 476.0)
28822095992700,0.4303599373937723,0.3730077992476601,[1058.0, 384.0],[1058.0, 384.0],(852.0, 446.0),(983.0, 251.0)
28822101916800,26.66666663703704,0.8928571428239265,[1056.0, 384.0],[1056.0, 384.0],(15.0, 75.0),(448.0, 249.0)
28822107933200,0.42247570763788606,1.5082956258289368,[1053.0, 384.0],[1053.0, 384.0],(789.0, 639.0),(221.0, 795.0)
28822113301100,0.527240773271024,1.5228426394650725,[1053.0, 384.0],[1053.0, 384.0],(569.0, 305.0),(197.0, 680.0)
28822118741100,0.26990553305887477,0.8032128513653005,[1051.0, 384.0],[1051.0, 384.0],(988.0, 361.0),(332.0, 953.0)
28822124810000,3.362064537777286,0.3853619153752427,[1049.0, 384.0],[1049.0, 384.0],(532.0, 10.0),(653.0, 231.0)
28822130512900,0.5179778610695753,0.27471926551907383,[1049.0, 384.0],[1049.0, 384.0],(326.0, 801.0),(627.0, 961.0)
28822136345200,0.3438235194240417,0.9443108043098417,[1048.0, 383.0],[1048.0, 383.0],(595.0, 922.0),(572.0, 76.0)
28822142320100,0.8228606899240178,0.7167026593823349,[1047.0, 383.0],[1047.0, 383.0],(284.0, 731.0),(327.0, 497.0)
28822148112300,0.4166666666493056,1.1904761903344672,[1045.0, 383.0],[1045.0, 383.0],(400.0, 213.0),(140.0, 624.0)
28822154009400,0.11467889908037694,0.12658227847834214,[1045.0, 383.0],[1045.0, 383.0],(872.0, 400.0),(790.0, 167.0)
28822159798200,0.210970464127603,0.1449275362283834,[1045.0, 383.0],[1045.0, 383.0],(474.0, 391.0),(690.0, 395.0)
28822165562000,0.43290043288169266,0.17129153819507895,[1044.0, 383.0],[1044.0, 383.0],(385.0, 364.0),(973.0, 279.0)
28822172510900,2.2522522517449883,0.6802721087972604,[1043.0, 383.0],[1043.0, 383.0],(74.0, 964.0),(245.0, 1044.0)
28822179176400,0.12449424213936361,0.1784917447528226,[1042.0, 383.0],[1042.0, 383.0],(1071.0, 294.0),(747.0, 560.0)
28822185298900,0.24764735016722023,0.34293552810895284,[1042.0, 383.0],[1042.0, 383.0],(673.0, 199.0),(486.0, 871.0)
28822190938900,0.7960199004579094,0.26693360026248025,[1041.0, 383.0],[1041.0, 383.0],(335.0, 799.0),(999.0, 716.0)
28822196834600,0.7772020725053022,14.9999999875,[1039.0, 383.0],[1039.0, 383.0],(386.0, 623.0),(20.0, 722.0)
28822202829800,1.3215859029866677,0.36945812807123446,[1037.0, 383.0],[1037.0, 383.0],(227.0, 28.0),(812.0, 635.0)
28822208839100,0.7856341189454087,7.777777775617284,[1037.0, 383.0],[1037.0, 383.0],(594.0, 775.0),(60.0, 39.0)
28822214826000,0.9676343009514909,2.9561671761999913,[1034.0, 383.0],[1034.0, 383.0],(999.0, 419.0),(327.0, 1079.0)
28822220909000,1.642254771379444,1.184758245258009,[1028.0, 383.0],[1028.0, 383.0],(751.0, 658.0),(1041.0, 148.0)
28822226436200,1.455604075664927,35.08771928285626,[1017.0, 383.0],[1017.0, 383.0],(916.0, 604.0),(38.0, 1016.0)
28822232773400,10.144927535181685,5.337690631517555,[1017.0, 383.0],[1017.0, 383.0],(161.0, 700.0),(306.0, 805.0)
28822238515900,2.5696706478000424,49.30555553843557,[1005.0, 383.0],[1005.0, 383.0],(921.0, 352.0),(48.0, 941.0)
28822244111000,15.116279068302685,24.528301882935803,[991.0, 383.0],[991.0, 383.0],(172.0, 1067.0),(106.0, 953.0)
28822250131900,7.142857142627322,5.103448275744748,[972.0, 383.0],[972.0, 383.0],(518.0, 976.0),(725.0, 1073.0)
28822255931800,7.933709544766162,7.576816684033964,[972.0, 383.0],[972.0, 383.0],(1077.0, 12.0),(811.0, 73.0)
28822269280300,8.921085125315813,12.169646416990417,[913.0, 383.0],[913.0, 383.0],(961.0, 672.0),(706.0, 251.0)
28822274708300,12.720253324590283,14.79939413378387,[867.0, 385.0],[867.0, 385.0],(643.0, 475.0),(552.0, 893.0)
28822280919700,9.750913105863109,10.404074139223505,[820.0, 388.0],[820.0, 388.0],(661.0, 784.0),(624.0, 334.0)
28822286559800,12.37252584908478,22.057602126881317,[820.0, 388.0],[820.0, 388.0],(548.0, 855.0),(310.0, 210.0)
28822291874100,24.781393544008445,81.75362859133793,[767.0, 394.0],[767.0, 394.0],(281.0, 178.0),(84.0, 658.0)
28822297785500,7.417861045158082,27.82096188035779,[717.0, 399.0],[717.0, 399.0],(944.0, 890.0),(289.0, 48.0)
28822303156100,9.363713134773835,46.931816112037936,[717.0, 399.0],[717.0, 399.0],(881.0, 113.0),(150.0, 84.0)
28822309210500,9.25437924638915,9.319975283669313,[661.0, 403.0],[661.0, 403.0],(894.0, 806.0),(891.0, 604.0)
28822314673500,39.49111477005371,17.412176230617078,[614.0, 407.0],[614.0, 407.0],(196.0, 479.0),(459.0, 182.0)
28822320735000,69.79066967797027,5.860217313712169,[573.0, 413.0],[573.0, 413.0],(75.0, 497.0),(935.0, 384.0)
28822326234700,3.7829992586723766,3.971893410068935,[573.0, 413.0],[573.0, 413.0],(1031.0, 812.0),(1047.0, 368.0)
28822332262900,5.712671942513749,85.39085313440468,[545.0, 417.0],[545.0, 417.0],(620.0, 571.0),(41.0, 242.0)
28822338436400,3.6304544186554435,3.9875840506329276,[527.0, 420.0],[527.0, 420.0],(842.0, 574.0),(756.0, 1020.0)
28822344519300,4.382631202761077,12.945271129301695,[514.0, 421.0],[514.0, 421.0],(373.0, 923.0),(911.0, 13.0)
28822350501100,1.381443470015157,0.9339193670319327,[514.0, 421.0],[514.0, 421.0],(531.0, 1001.0),(786.0, 802.0)
28822356621700,1.101928374579757,1.101928374579757,[509.0, 421.0],[509.0, 421.0],(242.0, 381.0),(242.0, 1054.0)
28822362449800,0.31446540878855,0.1904761904701436,[510.0, 421.0],[510.0, 421.0],(318.0, 974.0),(525.0, 558.0)
28822368433000,0.08481764206595345,0.04340277777683588,[510.0, 421.0],[510.0, 421.0],(393.0, 126.0),(768.0, 724.0)
28822373996700,0.23772027310331034,0.39706303932955705,[510.0, 421.0],[510.0, 421.0],(661.0, 265.0),(618.0, 100.0)
28822380229200,0.7908625989876614,1.1089087216150662,[510.0, 421.0],[510.0, 421.0],(952.0, 199.0),(364.0, 897.0)
28822385876700,1.4148021473413541,0.7883074422727827,[514.0, 420.0],[514.0, 420.0],(384.0, 742.0),(839.0, 429.0)
28822391862000,1.8339768915175902,1.4802709669780834,[518.0, 418.0],[518.0, 418.0],(560.0, 392.0),(676.0, 562.0)
28822397864100,16.243122350183743,1.9378896496914721,[518.0, 418.0],[518.0, 418.0],(115.0, 938.0),(1014.0, 936.0)
28822403567700,4.9525601234942105,6.882812540491954,[534.0, 414.0],[534.0, 414.0],(671.0, 1063.0),(492.0, 533.0)
28822409518100,7.879426481459129,4.137753571600547,[554.0, 407.0],[554.0, 407.0],(572.0, 225.0),(917.0, 816.0)
28822415445700,3.661627437372275,5.415264773912329,[580.0, 400.0],[580.0, 400.0],(971.0, 946.0),(893.0, 236.0)
28822421580000,5.691393364309841,6.579513946581864,[580.0, 400.0],[580.0, 400.0],(828.0, 297.0),(630.0, 861.0)
28822427562100,10.530480550903057,12.356218942415701,[611.0, 394.0],[611.0, 394.0],(518.0, 1036.0),(442.0, 772.0)
28822433395000,5.423755665226794,62.86487279331818,[646.0, 388.0],[646.0, 388.0],(1023.0, 849.0),(606.0, 15.0)
28822439144200,12.28552473898188,4.879949880505455,[677.0, 383.0],[677.0, 383.0],(332.0, 669.0),(859.0, 535.0)
28822445141900,4.035978797443954,6.593486961170489,[677.0, 383.0],[677.0, 383.0],(779.0, 487.0),(627.0, 98.0)
28822451107700,2.952275686552977,62.60259115669307,[702.0, 380.0],[702.0, 380.0],(1071.0, 174.0),(41.0, 863.0)
28822457023200,56.44838101110893,2.3780840866151904,[713.0, 378.0],[713.0, 378.0],(190.0, 3.0),(840.0, 227.0)
28822463206400,2.1505376343034928,0.7979688066594492,[718.0, 379.0],[718.0, 379.0],(341.0, 161.0),(919.0, 829.0)
28822468733300,2.3264784369356115,0.2298986414933772,[718.0, 379.0],[718.0, 379.0],(86.0, 516.0),(952.0, 357.0)
28822474641500,0.0,0.0,[719.0, 379.0],[719.0, 379.0],(839.0, 91.0),(1078.0, 185.0)
28822480538200,0.054500419313169166,0.1740989708412265,[718.0, 379.0],[718.0, 379.0],(826.0, 910.0),(201.0, 629.0)
28822486016700,0.3169376397091531,0.2552807448994193,[718.0, 379.0],[718.0, 379.0],(428.0, 217.0),(140.0, 724.0)
28822491993200,0.2694932484908557,0.15845237678698645,[718.0, 380.0],[718.0, 380.0],(590.0, 253.0),(737.0, 439.0)
28822498202600,0.15473981786958016,0.1567009847655516,[718.0, 380.0],[718.0, 380.0],(972.0, 931.0),(1013.0, 784.0)
28822504042600,0.2644147661224548,1.3239305835602773,[717.0, 380.0],[717.0, 380.0],(914.0, 968.0),(177.0, 545.0)
28822510970400,0.4546684587166235,2.047792996765537,[715.0, 381.0],[715.0, 381.0],(967.0, 173.0),(114.0, 1037.0)
28822516815500,0.9044402718656811,0.9352652555406546,[714.0, 381.0],[714.0, 381.0],(185.0, 834.0),(179.0, 756.0)
28822522414500,0.29971182100445465,0.307908682749904,[714.0, 381.0],[714.0, 381.0],(677.0, 390.0),(620.0, 444.0)
28822528312200,1.3160967819234914,0.5217801134282674,[713.0, 382.0],[713.0, 382.0],(185.0, 266.0),(526.0, 364.0)
28822534472000,0.3080343999519039,0.5298778084521149,[711.0, 382.0],[711.0, 382.0],(965.0, 524.0),(934.0, 214.0)
28822540748000,0.9112887907439629,0.29657600026241293,[710.0, 383.0],[710.0, 383.0],(221.0, 934.0),(774.0, 687.0)
28822546048100,0.6440069344316148,0.37970843125845505,[710.0, 383.0],[710.0, 383.0],(461.0, 471.0),(939.0, 529.0)
28822551667600,3.4651288082855407,1.3238305852543941,[708.0, 384.0],[708.0, 384.0],(105.0, 96.0),(258.0, 462.0)
28822557575700,1.5262174998502722,0.4899959206016055,[705.0, 385.0],[705.0, 385.0],(482.0, 98.0),(703.0, 1079.0)
28822563502600,0.6238225757466782,1.360334129300115,[705.0, 385.0],[705.0, 385.0],(829.0, 328.0),(225.0, 618.0)
28822569432100,0.5419744070776741,0.5177218962634736,[703.0, 386.0],[703.0, 386.0],(616.0, 841.0),(626.0, 1021.0)
28822575598200,0.5049661617239009,4.149797764408707,[701.0, 388.0],[701.0, 388.0],(858.0, 620.0),(445.0, 49.0)
28822581228600,0.3073103832138611,6.066786961442226,[700.0, 388.0],[700.0, 388.0],(1051.0, 769.0),(974.0, 22.0)
28822586529100,2.255983761659677,0.31653648869742024,[698.0, 389.0],[698.0, 389.0],(74.0, 514.0),(737.0, 301.0)
28822592131700,0.22104535479207923,0.16168648546257644,[698.0, 389.0],[698.0, 389.0],(527.0, 294.0),(889.0, 287.0)
28822597603100,0.06802721088319681,0.1001001000975951,[698.0, 389.0],[698.0, 389.0],(980.0, 685.0),(666.0, 764.0)
28822603758200,0.21436227222859794,0.09182736455252923,[697.0, 389.0],[697.0, 389.0],(311.0, 886.0),(726.0, 125.0)
28822609376000,0.854700854335598,0.9259259254972565,[697.0, 389.0],[697.0, 389.0],(39.0, 464.0),(36.0, 80.0)
28822615577200,0.0,0.0,[697.0, 389.0],[697.0, 389.0],(867.0, 660.0),(179.0, 567.0)
28822621033400,0.0,0.0,[697.0, 389.0],[697.0, 389.0],(667.0, 449.0),(628.0, 436.0)
28822627589700,0.0,0.0,[697.0, 389.0],[697.0, 389.0],(359.0, 119.0),(919.0, 266.0)
28822633393200,0.0,0.0,[697.0, 389.0],[697.0, 389.0],(959.0, 941.0),(3.0, 384.0)
28822639504800,0.0,0.0,[697.0, 389.0],[697.0, 389.0],(741.0, 71.0),(333.0, 690.0)
28822645366100,0.0,0.0,[697.0, 389.0],[697.0, 389.0],(727.0, 357.0),(571.0, 168.0)
28822651309800,0.0,0.0,[697.0, 389.0],[697.0, 389.0],(217.0, 234.0),(553.0, 1000.0)
28822657616500,0.0,0.0,[697.0, 389.0],[697.0, 389.0],(30.0, 219.0),(182.0, 93.0)
28822663392300,0.0,0.0,[697.0, 389.0],[697.0, 389.0],(345.0, 601.0),(993.0, 491.0)
28822669205700,0.0,0.0,[697.0, 389.0],[697.0, 389.0],(861.0, 973.0),(468.0, 709.0)
28822674947400,0.0,0.0,[697.0, 389.0],[697.0, 389.0],(417.0, 584.0),(377.0, 638.0)
28822680217900,0.0,0.0,[697.0, 389.0],[697.0, 389.0],(715.0, 11.0),(1006.0, 177.0)
28822685747400,0.0,0.0,[697.0, 389.0],[697.0, 389.0],(283.0, 801.0),(363.0, 1073.0)
28822691496500,0.0,0.0,[697.0, 389.0],[697.0, 389.0],(723.0, 716.0),(508.0, 502.0)
28822697507900,0.0,0.0,[697.0, 389.0],[697.0, 389.0],(251.0, 192.0),(347.0, 863.0)
28822703531000,0.0,0.0,[697.0, 389.0],[697.0, 389.0],(152.0, 7.0),(790.0, 658.0)
28822709369100,0.0,0.0,[697.0, 389.0],[697.0, 389.0],(422.0, 348.0),(61.0, 999.0)
28822714821900,0.0,0.0,[697.0, 389.0],[697.0, 389.0],(151.0, 552.0),(494.0, 333.0)
28822720649800,0.0,0.0,[697.0, 389.0],[697.0, 389.0],(718.0, 1027.0),(533.0, 361.0)
28822725904200,0.0,0.0,[697.0, 389.0],[697.0, 389.0],(722.0, 843.0),(652.0, 627.0)
28822732126300,0.0,0.0,[697.0, 389.0],[697.0, 389.0],(914.0, 971.0),(1001.0, 851.0)
28822737625200,0.0,0.0,[697.0, 389.0],[697.0, 389.0],(926.0, 93.0),(746.0, 16.0)
28822743728000,0.0,0.0,[697.0, 389.0],[697.0, 389.0],(154.0, 955.0),(952.0, 541.0)
28822749553600,0.0,0.0,[697.0, 389.0],[697.0, 389.0],(315.0, 19.0),(704.0, 953.0)
28822755356500,0.0,0.0,[697.0, 389.0],[697.0, 389.0],(975.0, 892.0),(780.0, 946.0)
28822761155100,0.0,0.0,[697.0, 389.0],[697.0, 389.0],(360.0, 651.0),(651.0, 1029.0)
28822767318600,0.0,0.0,[697.0, 389.0],[697.0, 389.0],(545.0, 509.0),(896.0, 733.0)
28822773286500,0.0,0.0,[697.0, 389.0],[697.0, 389.0],(599.0, 499.0),(678.0, 67.0)
28822779479100,0.0,0.0,[697.0, 389.0],[697.0, 389.0],(287.0, 929.0),(670.0, 103.0)
28822785505800,0.0,0.0,[697.0, 389.0],[697.0, 389.0],(820.0, 204.0),(750.0, 205.0)
28822791364900,0.0,0.0,[697.0, 389.0],[697.0, 389.0],(31.0, 353.0),(60.0, 238.0)
28822796938000,0.0,0.0,[697.0, 389.0],[697.0, 389.0],(80.0, 396.0),(295.0, 87.0)
28822802798300,0.0,0.0,[697.0, 389.0],[697.0, 389.0],(578.0, 824.0),(519.0, 1001.0)
28822808974300,0.0,0.0,[697.0, 389.0],[697.0, 389.0],(990.0, 1012.0),(945.0, 1040.0)
28822815071100,0.0,0.0,[697.0, 389.0],[697.0, 389.0],(48.0, 668.0),(545.0, 232.0)
28822821146100,0.0,0.0,[697.0, 389.0],[697.0, 389.0],(219.0, 538.0),(537.0, 770.0)
28822827107800,0.0,0.0,[697.0, 389.0],[697.0, 389.0],(273.0, 496.0),(616.0, 886.0)
28822832745200,0.0,0.0,[697.0, 389.0],[697.0, 389.0],(221.0, 698.0),(744.0, 447.0)
28822838502100,0.0,0.0,[697.0, 389.0],[697.0, 389.0],(1056.0, 374.0),(563.0, 35.0)
28822844667700,0.0,0.0,[697.0, 389.0],[697.0, 389.0],(898.0, 1063.0),(654.0, 168.0)
28822850357700,0.0,0.0,[697.0, 389.0],[697.0, 389.0],(672.0, 903.0),(291.0, 1025.0)
28822856462200,0.0,0.0,[697.0, 389.0],[697.0, 389.0],(623.0, 401.0),(914.0, 366.0)
28822862790200,0.0,0.0,[697.0, 389.0],[697.0, 389.0],(71.0, 660.0),(274.0, 127.0)
28822868766400,0.0,0.0,[697.0, 389.0],[697.0, 389.0],(273.0, 800.0),(1026.0, 522.0)
28822874502800,0.0,0.0,[697.0, 389.0],[697.0, 389.0],(545.0, 493.0),(125.0, 614.0)
28822880350000,0.0,0.0,[697.0, 389.0],[697.0, 389.0],(763.0, 956.0),(431.0, 780.0)
28822886173000,0.0,0.0,[697.0, 389.0],[697.0, 389.0],(1011.0, 547.0),(722.0, 920.0)
28822892168100,0.0,0.0,[697.0, 389.0],[697.0, 389.0],(427.0, 597.0),(637.0, 85.0)
28822898479200,0.0,0.0,[697.0, 389.0],[697.0, 389.0],(345.0, 575.0),(776.0, 50.0)
28822904158200,0.0,0.0,[697.0, 389.0],[697.0, 389.0],(289.0, 589.0),(15.0, 355.0)
28822909912700,0.0,0.0,[697.0, 389.0],[697.0, 389.0],(704.0, 252.0),(415.0, 747.0)
28822915937700,0.0,0.0,[697.0, 389.0],[697.0, 389.0],(973.0, 762.0),(499.0, 159.0)
28822921467200,0.0,0.0,[697.0, 389.0],[697.0, 389.0],(317.0, 1020.0),(203.0, 626.0)
28822927202300,0.0,0.0,[697.0, 389.0],[697.0, 389.0],(764.0, 501.0),(627.0, 755.0)
28822933135400,0.0,0.0,[697.0, 389.0],[697.0, 389.0],(842.0, 916.0),(308.0, 274.0)
28822939126100,0.1141552511350368,0.06060606060422406,[697.0, 389.0],[697.0, 389.0],(185.0, 292.0),(431.0, 550.0)
28822945089900,0.8505775799059949,0.3595303501654318,[697.0, 389.0],[697.0, 389.0],(400.0, 164.0),(514.0, 441.0)
28822951224700,3.232936297241685,0.36112676269564803,[697.0, 388.0],[697.0, 388.0],(932.0, 62.0),(717.0, 872.0)
28822957065100,1.8843901758360035,1.3394844752285078,[694.0, 386.0],[694.0, 386.0],(1055.0, 145.0),(331.0, 941.0)
28822963128100,1.9475331030926115,1.7887876122906845,[694.0, 386.0],[694.0, 386.0],(959.0, 323.0),(740.0, 541.0)
28822969123300,3.802496279210052,7.095773292931103,[687.0, 383.0],[687.0, 383.0],(794.0, 673.0),(389.0, 655.0)
28822975222200,8.498685296371828,9.100389121849348,[670.0, 376.0],[670.0, 376.0],(665.0, 771.0),(645.0, 608.0)
28822980632900,34.5214262284215,12.715327415058185,[638.0, 360.0],[638.0, 360.0],(375.0, 104.0),(501.0, 864.0)
28822986426600,13.693069233707893,19.926539768603572,[587.0, 332.0],[587.0, 332.0],(473.0, 836.0),(319.0, 724.0)
28822992218500,79.75531370562541,15.792295057400146,[587.0, 332.0],[587.0, 332.0],(91.0, 352.0),(756.0, 351.0)
28822998196900,49.89413866882436,34.78718477973593,[536.0, 299.0],[536.0, 299.0],(957.0, 124.0),(337.0, 290.0)
28823004717000,12.904958528731012,43.48849991830166,[474.0, 260.0],[474.0, 260.0],(931.0, 789.0),(221.0, 946.0)
28823010706600,45.39608711921972,66.59236221413222,[419.0, 222.0],[419.0, 222.0],(171.0, 926.0),(167.0, 111.0)
28823016723500,19.88424205358067,28.82525553047395,[419.0, 222.0],[419.0, 222.0],(554.0, 386.0),(266.0, 1043.0)
28823022778200,23.310737213813635,32.78370196416633,[360.0, 177.0],[360.0, 177.0],(414.0, 1052.0),(290.0, 913.0)
28823029043900,37.08681160522206,15.809436600738847,[307.0, 137.0],[307.0, 137.0],(256.0, 622.0),(879.0, 591.0)
28823035002900,20.548823540130435,19.35597559414706,[254.0, 93.0],[254.0, 93.0],(352.0, 655.0),(935.0, 298.0)
28823040379400,10.65696500915248,15.22916745550119,[254.0, 93.0],[254.0, 93.0],(630.0, 834.0),(412.0, 729.0)
28823046346900,17.623414045504607,466.847127731398,[214.0, 60.0],[214.0, 60.0],(716.0, 329.0),(452.0, 11.0)
28823052482600,22.153684313275555,9.8287567283904,[177.0, 27.0],[177.0, 27.0],(265.0, 487.0),(708.0, 742.0)
28823058637200,6.6439256354360445,61.08750726200993,[155.0, 5.0],[155.0, 5.0],(742.0, 545.0),(53.0, 868.0)
28823064712200,19.221627848244722,3.6801353982273817,[155.0, 5.0],[155.0, 5.0],(337.0, 59.0),(643.0, 787.0)
28823070124500,2.9402189317553944,1.873008496612347,[139.0, 0.0],[139.0, 0.0],(931.0, 155.0),(1069.0, 492.0)
28823082824400,2.086726281531264,6.694009220689531,[127.0, 0.0],[127.0, 0.0],(716.0, 177.0),(203.0, 129.0)
28823088276000,2.547770700366479,0.5012531328216113,[127.0, 0.0],[127.0, 0.0],(157.0, 85.0),(798.0, 349.0)
28823094806700,0.05473453749166025,0.06116207950883297,[127.0, 0.0],[127.0, 0.0],(609.0, 1054.0),(545.0, 864.0)
28823100990300,0.24752475246503614,0.10204081632479522,[127.0, 0.0],[127.0, 0.0],(404.0, 993.0),(980.0, 68.0)
28823107246300,0.5486968449555077,0.7797270954405724,[128.0, 0.0],[128.0, 0.0],(243.0, 957.0),(171.0, 711.0)
28823113426700,0.21786492374388633,0.2364066193813508,[129.0, 0.0],[129.0, 0.0],(1071.0, 1064.0),(987.0, 846.0)
28823119041800,0.9961538955281604,1.4737305526346003,[129.0, 0.0],[129.0, 0.0],(545.0, 179.0),(362.0, 932.0)
28823124334800,2.6164236234301645,3.725051567923413,[133.0, 0.0],[133.0, 0.0],(428.0, 68.0),(296.0, 130.0)
28823130270300,2.372479240736285,2.256063169705131,[140.0, -1.0],[140.0, -1.0],(562.0, 1035.0),(591.0, 778.0)
28823136499700,2.1733028911503163,2.4922349142200257,[151.0, 0.0],[151.0, 0.0],(799.0, 766.0),(696.0, 1052.0)
28823142370400,3.415948623849111,7.30011133168449,[151.0, 0.0],[151.0, 0.0],(831.0, 534.0),(390.0, 227.0)
28823147713200,100.14864956932242,5.166547075172398,[174.0, 2.0],[174.0, 2.0],(825.0, 6.0),(943.0, 303.0)
28823153693800,84.51652161332545,13.055344700277043,[201.0, 6.0],[201.0, 6.0],(58.0, 307.0),(376.0, 938.0)
28823159799100,11.172898916868657,15.261539416743197,[236.0, 12.0],[236.0, 12.0],(407.0, 988.0),(540.0, 68.0)
28823165600500,9.265569819753896,26.40665289108356,[236.0, 12.0],[236.0, 12.0],(580.0, 510.0),(355.0, 59.0)
28823171760300,22.050887964186426,6.389261146506404,[275.0, 22.0],[275.0, 22.0],(307.0, 329.0),(1071.0, 1000.0)
28823177854700,13.001263328927763,12.537015138917909,[317.0, 35.0],[317.0, 35.0],(501.0, 704.0),(673.0, 235.0)
28823183537700,7.768327617253564,5.267632826726884,[351.0, 46.0],[351.0, 46.0],(673.0, 552.0),(1027.0, 681.0)
28823189674800,6.41230441064298,11.174886163999114,[351.0, 46.0],[351.0, 46.0],(763.0, 986.0),(434.0, 657.0)
28823195068300,7.394659063109957,9.46377389713158,[387.0, 58.0],[387.0, 58.0],(938.0, 668.0),(686.0, 819.0)
28823200955300,20.04730073732851,19.41119896797016,[423.0, 71.0],[423.0, 71.0],(397.0, 591.0),(405.0, 802.0)
28823208367000,65.60466176248136,26.39841826945674,[466.0, 86.0],[466.0, 86.0],(101.0, 430.0),(252.0, 756.0)
28823213988600,10.42234252186719,8.019473056798518,[504.0, 102.0],[504.0, 102.0],(517.0, 781.0),(760.0, 510.0)
28823219830500,21.428032082712026,6.192800800139488,[504.0, 102.0],[504.0, 102.0],(365.0, 126.0),(1061.0, 497.0)
28823226078100,60.045762494845405,5.806003741190643,[541.0, 119.0],[541.0, 119.0],(231.0, 49.0),(1063.0, 848.0)
28823232213200,13.535104914428475,7.021288436608592,[569.0, 134.0],[569.0, 134.0],(999.0, 218.0),(1034.0, 517.0)
28823238280500,4.446689035977725,76.97329390239078,[593.0, 152.0],[593.0, 152.0],(828.0, 769.0),(361.0, 27.0)
28823243769300,7.223950286448271,6.219860158325688,[593.0, 152.0],[593.0, 152.0],(464.0, 322.0),(699.0, 338.0)
28823249902400,18.90655563845547,7.145819287242916,[605.0, 163.0],[605.0, 163.0],(85.0, 1017.0),(241.0, 681.0)
28823255569400,22.51926825512678,6.512615248174527,[617.0, 179.0],[617.0, 179.0],(55.0, 871.0),(587.0, 292.0)
28823261560000,9.795904109893707,3.304609402564708,[617.0, 179.0],[617.0, 179.0],(189.0, 189.0),(1049.0, 549.0)
28823267411300,39.89071037161456,3.139784946169037,[618.0, 190.0],[618.0, 190.0],(649.0, 61.0),(723.0, 775.0)
28823272817400,9.90048152294499,6.466593479818598,[617.0, 206.0],[617.0, 206.0],(555.0, 358.0),(877.0, 548.0)
28823278800400,4.10018476917138,12.234622173765482,[617.0, 225.0],[617.0, 225.0],(463.0, 941.0),(299.0, 291.0)
28823285001100,4.006958396913681,37.380437192242105,[605.0, 250.0],[605.0, 250.0],(1054.0, 825.0),(963.0, 83.0)
28823291144700,6.417796606712396,8.45252542551296,[605.0, 250.0],[605.0, 250.0],(994.0, 579.0),(1053.0, 418.0)
28823297006500,25.331525485379217,13.109173765477298,[585.0, 274.0],[585.0, 274.0],(181.0, 752.0),(660.0, 383.0)
28823302968900,18.903443093326306,14.158362094560948,[556.0, 302.0],[556.0, 302.0],(416.0, 297.0),(728.0, 350.0)
28823308921800,25.61482560164597,7.164180296038213,[520.0, 327.0],[520.0, 327.0],(621.0, 130.0),(1028.0, 557.0)
28823314872000,8.0095892234105,16.79960997380591,[520.0, 327.0],[520.0, 327.0],(948.0, 356.0),(253.0, 542.0)
28823320986400,6.3014353466936965,6.482517779120742,[489.0, 345.0],[489.0, 345.0],(726.0, 893.0),(698.0, 932.0)
28823326891400,7.943007343222779,4.42850657650132,[464.0, 356.0],[464.0, 356.0],(598.0, 348.0),(904.0, 1025.0)
28823332735500,20.365254747655932,3.9514691007009075,[449.0, 362.0],[449.0, 362.0],(102.0, 422.0),(595.0, 460.0)
28823338730000,6.528222043927372,1.5339271311147036,[449.0, 362.0],[449.0, 362.0],(158.0, 250.0),(756.0, 515.0)
28823344383900,0.6268442294614559,4.005310535248826,[442.0, 365.0],[442.0, 365.0],(891.0, 716.0),(125.0, 970.0)
28823350390700,1.2905324008363175,0.3448057330298401,[441.0, 365.0],[441.0, 365.0],(182.0, 677.0),(816.0, 519.0)
28823356400100,0.13192612136913093,0.1321003962982805,[442.0, 365.0],[442.0, 365.0],(758.0, 929.0),(757.0, 816.0)
28823362603400,0.8535293064045338,2.5222286338091715,[442.0, 365.0],[442.0, 365.0],(472.0, 984.0),(161.0, 230.0)
28823368665000,1.8288049434534885,3.029486640520212,[444.0, 365.0],[444.0, 365.0],(767.0, 594.0),(963.0, 171.0)
28823374646600,6.736953930390024,5.077046696337476,[451.0, 362.0],[451.0, 362.0],(518.0, 702.0),(1047.0, 354.0)
28823380546100,19.713037822260006,8.808695773823235,[471.0, 354.0],[471.0, 354.0],(232.0, 559.0),(558.0, 555.0)
28823386588800,52.47621877051832,7.900867610186155,[515.0, 334.0],[515.0, 334.0],(110.0, 985.0),(850.0, 568.0)
28823391941200,46.74942204210902,2933.3516158502466,[515.0, 334.0],[515.0, 334.0],(180.0, 1055.0),(810.0, 1.0)
28823397940800,11.958479179566718,13.112086579261945,[580.0, 313.0],[580.0, 313.0],(896.0, 574.0),(823.0, 510.0)
28823404087100,28.951472860061767,10.655984954402525,[658.0, 287.0],[658.0, 287.0],(933.0, 126.0),(1059.0, 814.0)
28823409526600,401.47135535289243,167.27679343639534,[658.0, 287.0],[658.0, 287.0],(29.0, 197.0),(815.0, 19.0)
28823415466100,17.266615294545417,58.33770592658828,[749.0, 259.0],[749.0, 259.0],(923.0, 393.0),(246.0, 1023.0)
28823421556900,158.41331706989547,2726.6676710171237,[838.0, 246.0],[838.0, 246.0],(182.0, 16.0),(5.0, 950.0)
28823427508100,130.05024455109043,21.688479240653304,[908.0, 239.0],[908.0, 239.0],(71.0, 900.0),(426.0, 1070.0)
28823433408300,6.663540947264611,111.51541156972702,[908.0, 240.0],[908.0, 240.0],(921.0, 712.0),(55.0, 692.0)
28823439372000,4.516745157091359,9.226556479007264,[956.0, 240.0],[956.0, 240.0],(1004.0, 867.0),(493.0, 132.0)
28823445374500,6.793370622937839,42.995775248191336,[974.0, 240.0],[974.0, 240.0],(437.0, 530.0),(69.0, 584.0)
28823451337700,0.9585136072050487,0.9396516600783426,[978.0, 242.0],[978.0, 242.0],(704.0, 899.0),(719.0, 875.0)
28823456736100,0.17249155124683263,0.16302371140491312,[975.0, 242.0],[975.0, 242.0],(653.0, 959.0),(946.0, 907.0)
28823462992700,2.469034143960639,0.6531548836407316,[975.0, 242.0],[975.0, 242.0],(110.0, 356.0),(822.0, 294.0)
28823469171300,4.863769694308327,2.4318279141880184,[975.0, 244.0],[975.0, 244.0],(124.0, 676.0),(250.0, 850.0)
28823474661500,1.1843198287332404,2.258899289678647,[970.0, 245.0],[970.0, 245.0],(861.0, 641.0),(548.0, 248.0)
28823480717500,12.919744036142811,1.343123751852913,[962.0, 249.0],[962.0, 249.0],(86.0, 183.0),(924.0, 536.0)
28823486651300,1.7650921791010967,3.455608863969789,[962.0, 249.0],[962.0, 249.0],(1022.0, 368.0),(467.0, 666.0)
28823492613800,15.497419239521529,52.448644627155005,[950.0, 250.0],[950.0, 250.0],(164.0, 294.0),(951.0, 7.0)
28823498600700,47.46099869878414,2.907468017300072,[934.0, 253.0],[934.0, 253.0],(59.0, 766.0),(1044.0, 386.0)
28823504753800,3.2673488264574098,17.52115754844491,[914.0, 256.0],[914.0, 256.0],(743.0, 678.0),(137.0, 1044.0)
28823510124400,4.044411368433646,700.0001103968166,[914.0, 256.0],[914.0, 256.0],(520.0, 912.0),(3.0, 500.0)
28823515376500,20.690245627748055,8.91262707201736,[898.0, 257.0],[898.0, 257.0],(87.0, 853.0),(202.0, 758.0)
28823521542700,50.162982985618456,3.054484926046688,[887.0, 258.0],[887.0, 258.0],(30.0, 33.0),(499.0, 246.0)
28823526993500,1.9997371219378375,9.09617934632468,[887.0, 258.0],[887.0, 258.0],(504.0, 401.0),(110.0, 323.0)
28823532905700,0.8328668121180142,2.386607928355986,[880.0, 259.0],[880.0, 259.0],(1041.0, 435.0),(408.0, 81.0)
28823538828800,0.7984652734269615,12.671327262052419,[875.0, 259.0],[875.0, 259.0],(939.0, 234.0),(50.0, 291.0)
28823544819200,0.5970046924295214,0.6407161408794866,[874.0, 260.0],[874.0, 260.0],(396.0, 694.0),(371.0, 545.0)
28823550795500,0.12469766132632903,0.10242794800878521,[874.0, 260.0],[874.0, 260.0],(295.0, 632.0),(353.0, 840.0)
28823556968600,0.0,0.0,[874.0, 260.0],[874.0, 260.0],(499.0, 589.0),(393.0, 82.0)
28823562779200,0.0,0.0,[874.0, 260.0],[874.0, 260.0],(400.0, 606.0),(215.0, 502.0)
28823568732600,0.0,0.0,[874.0, 260.0],[874.0, 260.0],(187.0, 555.0),(311.0, 1000.0)
28823574128800,0.0,0.0,[874.0, 260.0],[874.0, 260.0],(938.0, 69.0),(47.0, 1066.0)
28823580086000,0.0,0.0,[874.0, 260.0],[874.0, 260.0],(384.0, 1022.0),(152.0, 726.0)
28823585994300,0.0,0.0,[874.0, 260.0],[874.0, 260.0],(825.0, 1065.0),(1061.0, 544.0)
28823592043100,0.0,0.0,[874.0, 260.0],[874.0, 260.0],(1043.0, 712.0),(476.0, 236.0)
28823598131000,0.0,0.0,[874.0, 260.0],[874.0, 260.0],(322.0, 582.0),(761.0, 224.0)
28823604001100,0.0,0.0,[874.0, 260.0],[874.0, 260.0],(976.0, 266.0),(50.0, 642.0)
28823609871900,0.0,0.0,[874.0, 260.0],[874.0, 260.0],(434.0, 413.0),(588.0, 630.0)
28823615653600,0.0,0.0,[874.0, 260.0],[874.0, 260.0],(549.0, 779.0),(1069.0, 130.0)
28823621791100,0.0,0.0,[874.0, 260.0],[874.0, 260.0],(467.0, 377.0),(88.0, 116.0)
28823627550300,0.0,0.0,[874.0, 260.0],[874.0, 260.0],(511.0, 271.0),(803.0, 417.0)
28823633734300,0.0,0.0,[874.0, 260.0],[874.0, 260.0],(1048.0, 557.0),(648.0, 727.0)
28823639546600,0.0,0.0,[874.0, 260.0],[874.0, 260.0],(1058.0, 62.0),(99.0, 299.0)
28823645823600,0.0,0.0,[874.0, 260.0],[874.0, 260.0],(578.0, 145.0),(429.0, 292.0)
28823651586500,0.0,0.0,[874.0, 260.0],[874.0, 260.0],(132.0, 827.0),(202.0, 480.0)
28823657554500,0.0,0.0,[874.0, 260.0],[874.0, 260.0],(505.0, 296.0),(153.0, 154.0)
28823663582400,0.08481764206595345,0.3968253967466616,[874.0, 260.0],[874.0, 260.0],(393.0, 713.0),(84.0, 869.0)
28823669542500,0.18831029425585255,0.40655715054527863,[874.0, 260.0],[874.0, 260.0],(740.0, 609.0),(330.0, 738.0)
28823675672200,0.9685500042168749,1.4144595353016522,[875.0, 260.0],[875.0, 260.0],(317.0, 647.0),(216.0, 498.0)
28823681539300,7.182598595118952,80.95291505463891,[877.0, 259.0],[877.0, 259.0],(79.0, 808.0),(7.0, 1020.0)
28823687872300,1.71696512560743,2.952629515852739,[880.0, 257.0],[880.0, 257.0],(431.0, 492.0),(233.0, 503.0)
28823693478700,2.131168001774574,2.6366855390102,[886.0, 254.0],[886.0, 254.0],(418.0, 879.0),(345.0, 541.0)
28823699428900,7.632137072282959,6.614530891840429,[886.0, 254.0],[886.0, 254.0],(186.0, 475.0),(807.0, 94.0)
28823705474600,5.23187888831234,23.18172174055998,[897.0, 249.0],[897.0, 249.0],(549.0, 943.0),(121.0, 796.0)
28823711181800,12.921170517079531,8.912629421106036,[911.0, 244.0],[911.0, 244.0],(1005.0, 110.0),(405.0, 997.0)
28823717256300,8.783750027351443,13.666170717926672,[945.0, 231.0],[945.0, 231.0],(657.0, 267.0),(682.0, 127.0)
28823723502900,26.67909288641995,11.400693591625325,[945.0, 231.0],[945.0, 231.0],(324.0, 138.0),(664.0, 531.0)
28823729246400,29.715201460420587,16.391115056478615,[994.0, 216.0],[994.0, 216.0],(412.0, 571.0),(831.0, 377.0)
28823735317600,27.288336078162736,15.67721327448626,[1075.0, 196.0],[1075.0, 196.0],(513.0, 693.0),(904.0, 851.0)
28823741158900,13.962416139740238,1248.486745310278,[1177.0, 180.0],[1177.0, 180.0],(1009.0, 728.0),(11.0, 1041.0)
28823747086300,21.42740872872547,282.5110062036078,[1177.0, 180.0],[1177.0, 180.0],(974.0, 168.0),(59.0, 575.0)
28823753153100,2620.834487632894,26.36387692879041,[1304.0, 164.0],[1304.0, 164.0],(8.0, 1041.0),(810.0, 513.0)
28823759168700,95.31277246586447,103.92793254401033,[1448.0, 147.0],[1448.0, 147.0],(471.0, 28.0),(189.0, 761.0)
28823765178800,14.200948194342793,14.285184212114055,[1535.0, 136.0],[1535.0, 136.0],(765.0, 418.0),(746.0, 883.0)
28823771301900,12.090245544065395,4.475471874466899,[1535.0, 136.0],[1535.0, 136.0],(240.0, 897.0),(748.0, 164.0)
28823777222000,0.23931623931214846,0.27418723070359996,[1535.0, 136.0],[1535.0, 136.0],(730.0, 975.0),(642.0, 851.0)
28823783769900,1.2363311748860222,0.7238098044067327,[1535.0, 136.0],[1535.0, 136.0],(505.0, 540.0),(499.0, 925.0)
28823789544400,1.3880578941485882,0.8569597729787597,[1535.0, 143.0],[1535.0, 143.0],(1073.0, 625.0),(447.0, 1027.0)
28823795395500,2.021229791254952,0.871777766658077,[1536.0, 149.0],[1536.0, 149.0],(86.0, 375.0),(217.0, 858.0)
28823800902000,0.6452352081116576,0.3801055441376552,[1536.0, 149.0],[1536.0, 149.0],(277.0, 631.0),(460.0, 1072.0)
28823807141200,9.52380951814059,0.2501563477134122,[1536.0, 151.0],[1536.0, 151.0],(463.0, 28.0),(294.0, 1066.0)
28823812746700,24.999999947916667,0.20703933747054798,[1536.0, 153.0],[1536.0, 153.0],(822.0, 8.0),(215.0, 966.0)
28823818458800,0.08783487044163736,0.08591065291911704,[1536.0, 153.0],[1536.0, 153.0],(915.0, 759.0),(256.0, 776.0)
28823824366400,0.0,0.0,[1536.0, 153.0],[1536.0, 153.0],(137.0, 45.0),(632.0, 83.0)
28823829873400,0.0,0.0,[1536.0, 153.0],[1536.0, 153.0],(367.0, 982.0),(365.0, 480.0)
28823835262800,0.03639010189162318,0.09980039919661675,[1536.0, 153.0],[1536.0, 153.0],(916.0, 44.0),(334.0, 592.0)
28823841174000,0.22333891680001847,0.3745318351884583,[1536.0, 153.0],[1536.0, 153.0],(597.0, 265.0),(356.0, 299.0)
28823846594900,23.80963798979668,0.5589843698583246,[1535.0, 153.0],[1535.0, 153.0],(14.0, 452.0),(598.0, 796.0)
28823852520100,54.17018372710429,0.6036919765310633,[1533.0, 153.0],[1533.0, 153.0],(8.0, 108.0),(724.0, 846.0)
28823858922400,1.2312242043469048,0.9065577939677786,[1529.0, 154.0],[1529.0, 154.0],(492.0, 787.0),(677.0, 699.0)
28823865120200,2.99723757653577,3.5242087568464378,[1529.0, 154.0],[1529.0, 154.0],(360.0, 590.0),(339.0, 168.0)
28823870962500,2.1061578184828846,21.839690322617827,[1521.0, 156.0],[1521.0, 156.0],(942.0, 654.0),(86.0, 193.0)
28823877025300,7.777667236277701,10.051635662996835,[1509.0, 159.0],[1509.0, 159.0],(332.0, 783.0),(256.0, 930.0)
28823883069000,2.642594402263105,5.0977546827788025,[1493.0, 163.0],[1493.0, 163.0],(927.0, 787.0),(461.0, 1043.0)
28823888989400,41.67564729107067,14.874594576793148,[1480.0, 167.0],[1480.0, 167.0],(52.0, 655.0),(149.0, 181.0)
28823894958300,4.425502420113278,4.617605445427407,[1480.0, 167.0],[1480.0, 167.0],(641.0, 892.0),(614.0, 873.0)
28823901035000,7.091869504291172,5.200198724605353,[1457.0, 172.0],[1457.0, 172.0],(871.0, 169.0),(836.0, 869.0)
28823906821200,5.250011750334099,14.462658350394658,[1432.0, 177.0],[1432.0, 177.0],(888.0, 852.0),(339.0, 171.0)
28823912787900,7.0340472071519216,104.8418038318924,[1400.0, 183.0],[1400.0, 183.0],(1026.0, 100.0),(36.0, 90.0)
28823919187800,15.222567606189154,6.939334945650236,[1400.0, 183.0],[1400.0, 183.0],(237.0, 468.0),(520.0, 983.0)
28823925089100,19.4865034887647,30.895645028752313,[1376.0, 184.0],[1376.0, 184.0],(232.0, 303.0),(558.0, 19.0)
28823931059600,8.308229289854312,11.676914940596271,[1348.0, 190.0],[1348.0, 190.0],(582.0, 373.0),(406.0, 965.0)
28823937277400,11.280920340364288,5.918077423780095,[1317.0, 193.0],[1317.0, 193.0],(382.0, 379.0),(749.0, 374.0)
28823942866000,36.8236138082583,120.32816595356954,[1317.0, 193.0],[1317.0, 193.0],(134.0, 930.0),(41.0, 829.0)
28823948465700,11.423151299089394,7.747496970326687,[1279.0, 199.0],[1279.0, 199.0],(623.0, 593.0),(933.0, 578.0)
28823954527800,8.402055312357517,15.92560384620213,[1238.0, 205.0],[1238.0, 205.0],(911.0, 717.0),(474.0, 1049.0)
28823960487200,14.602096528793723,8.514970199738777,[1185.0, 212.0],[1185.0, 212.0],(450.0, 405.0),(774.0, 616.0)
28823966499400,10.786157270731175,8.331038847638675,[1185.0, 212.0],[1185.0, 212.0],(730.0, 155.0),(813.0, 961.0)
28823972479400,9.28895087164744,17.64232045012355,[1137.0, 218.0],[1137.0, 218.0],(962.0, 399.0),(507.0, 208.0)
28823978587400,637.2580810653396,11.645277209801627,[1084.0, 225.0],[1084.0, 225.0],(17.0, 712.0),(945.0, 700.0)
28823984761700,179.18411905115514,14.643287194616585,[1030.0, 232.0],[1030.0, 232.0],(61.0, 15.0),(711.0, 225.0)
28823990153800,7.935990751040436,32.821026769153946,[967.0, 241.0],[967.0, 241.0],(1025.0, 989.0),(246.0, 375.0)
28823995402200,77.69095849356384,17.610021066428015,[967.0, 241.0],[967.0, 241.0],(109.0, 870.0),(488.0, 442.0)
28824001603000,41.93534703063805,13.835689551570166,[906.0, 253.0],[906.0, 253.0],(207.0, 533.0),(920.0, 125.0)
28824007353700,10.49618734325702,25.267090138169408,[837.0, 260.0],[837.0, 260.0],(852.0, 672.0),(350.0, 909.0)
28824013296800,22.591505288757144,12.771480560929326,[837.0, 260.0],[837.0, 260.0],(405.0, 694.0),(726.0, 424.0)
28824019186700,40.04317492370723,18.274557683791414,[771.0, 267.0],[771.0, 267.0],(279.0, 939.0),(613.0, 801.0)
28824024670800,22.844967415160685,21.012867321060806,[698.0, 274.0],[698.0, 274.0],(481.0, 344.0),(519.0, 657.0)
28824030626200,15.866251570888034,10.411436728090582,[641.0, 281.0],[641.0, 281.0],(524.0, 261.0),(805.0, 349.0)
28824036748700,7.511727645762828,42.029190249307476,[641.0, 281.0],[641.0, 281.0],(1046.0, 259.0),(169.0, 690.0)
28824043084900,56.192068848526716,22.397822094555476,[585.0, 288.0],[585.0, 288.0],(143.0, 721.0),(359.0, 966.0)
28824048972700,60.83470570574932,31.62028567699829,[541.0, 292.0],[541.0, 292.0],(124.0, 285.0),(331.0, 41.0)
28824054979200,7.503104747429408,69.83304603712064,[500.0, 298.0],[500.0, 298.0],(703.0, 711.0),(75.0, 240.0)
28824061178100,21.459780175862157,12.953933119762828,[500.0, 298.0],[500.0, 298.0],(202.0, 990.0),(372.0, 100.0)
28824067095300,4.591466246420026,26.018948316560525,[469.0, 302.0],[469.0, 302.0],(987.0, 1044.0),(173.0, 914.0)
28824072655900,4.374904625512838,43.62450617440541,[442.0, 305.0],[442.0, 305.0],(947.0, 848.0),(94.0, 660.0)
28824078557000,99.05840653692725,7.284791396457851,[423.0, 308.0],[423.0, 308.0],(28.0, 57.0),(444.0, 106.0)
28824084571900,7.380655409375289,6.215562503209692,[423.0, 308.0],[423.0, 308.0],(317.0, 737.0),(537.0, 90.0)
28824090692400,9.463210719117304,4.794106731253814,[405.0, 311.0],[405.0, 311.0],(290.0, 512.0),(575.0, 697.0)
28824097013600,5.507701695193674,3.4198078605005193,[390.0, 314.0],[390.0, 314.0],(589.0, 239.0),(982.0, 318.0)
28824102804300,15.423668875195846,6.073208225125489,[374.0, 315.0],[374.0, 315.0],(157.0, 76.0),(402.0, 180.0)
28824108892700,3.2297409005077498,2.137758035104107,[363.0, 318.0],[363.0, 318.0],(553.0, 562.0),(832.0, 1078.0)
28824115022300,4.074090740512747,3.3522538685862737,[363.0, 318.0],[363.0, 318.0],(443.0, 672.0),(681.0, 97.0)
28824121406500,5.311889288184487,2.3846998507088597,[348.0, 319.0],[348.0, 319.0],(427.0, 688.0),(967.0, 304.0)
28824127520100,6.6917549903046885,17.19621256261298,[335.0, 320.0],[335.0, 320.0],(324.0, 407.0),(126.0, 808.0)
28824133284700,6.837864997414803,4.8091018494808,[323.0, 320.0],[323.0, 320.0],(234.0, 561.0),(333.0, 164.0)
28824139023800,2.45174752210611,1.6809728182818138,[323.0, 320.0],[323.0, 320.0],(639.0, 279.0),(932.0, 37.0)
28824145008300,2.1027231988606907,3.417366946682987,[312.0, 320.0],[312.0, 320.0],(967.0, 349.0),(595.0, 551.0)
28824150995100,2.9829545453839263,2.3489932885468123,[299.0, 320.0],[299.0, 320.0],(704.0, 64.0),(894.0, 24.0)
28824157002900,1.6321406151658484,2.068416865511766,[286.0, 320.0],[286.0, 320.0],(1062.0, 910.0),(838.0, 11.0)
28824163134800,2.1097046413057026,2.491280518124283,[286.0, 320.0],[286.0, 320.0],(790.0, 254.0),(669.0, 385.0)
28824168457000,3.7825059100164498,2.2008253094406047,[273.0, 320.0],[273.0, 320.0],(423.0, 248.0),(727.0, 213.0)
28824173785600,5.167396618056771,3.7165338945979607,[262.0, 320.0],[262.0, 320.0],(814.0, 7.0),(444.0, 63.0)
28824179697100,2.211376888737798,2.554391260963263,[262.0, 320.0],[262.0, 320.0],(1008.0, 106.0),(722.0, 480.0)
28824185364500,4.6220945149918435,9.719388870503662,[248.0, 321.0],[248.0, 321.0],(552.0, 425.0),(261.0, 462.0)
28824191566500,10.408783806551021,43.96558763873347,[232.0, 323.0],[232.0, 323.0],(306.0, 84.0),(69.0, 437.0)
28824197748200,5.490695856262997,10.070420510776032,[216.0, 324.0],[216.0, 324.0],(450.0, 629.0),(245.0, 911.0)
28824203737500,2.5414755323360847,2.924008530369221,[203.0, 325.0],[203.0, 325.0],(749.0, 1072.0),(663.0, 287.0)
28824208994000,2.2917768785259107,3.141946170023031,[203.0, 325.0],[203.0, 325.0],(843.0, 562.0),(608.0, 716.0)
28824215158200,4.468043377611908,4.237656744896032,[188.0, 327.0],[188.0, 327.0],(532.0, 801.0),(560.0, 1070.0)
28824220962300,2.2512052430087457,6.893820631268262,[174.0, 329.0],[174.0, 329.0],(1077.0, 468.0),(336.0, 408.0)
28824227099700,3.9458100976763855,14.265611322007008,[161.0, 331.0],[161.0, 331.0],(424.0, 679.0),(125.0, 46.0)
28824233177200,6.963676371913151,4.046259025606886,[161.0, 331.0],[161.0, 331.0],(226.0, 66.0),(369.0, 220.0)
28824239523600,5.297171249529401,2.348800384063712,[151.0, 332.0],[151.0, 332.0],(296.0, 774.0),(669.0, 920.0)
28824245284200,2.4186955369573875,3.5752844532350094,[140.0, 333.0],[140.0, 333.0],(581.0, 797.0),(392.0, 1004.0)
28824251271700,1.5916658313137992,1.4839985704282628,[135.0, 334.0],[135.0, 334.0],(698.0, 95.0),(567.0, 487.0)
28824257450300,1.1445767845761798,0.8813828104920627,[135.0, 334.0],[135.0, 334.0],(408.0, 786.0),(534.0, 291.0)
28824263061100,0.6016847171900818,0.7610350075813914,[131.0, 334.0],[131.0, 334.0],(554.0, 268.0),(438.0, 271.0)
28824268909400,0.19436345966643404,0.3154574132409186,[130.0, 334.0],[130.0, 334.0],(1029.0, 9.0),(634.0, 629.0)
28824274177400,0.060277275465332215,0.03972983710687863,[130.0, 334.0],[130.0, 334.0],(553.0, 723.0),(839.0, 1048.0)
28824280143800,0.0,0.0,[130.0, 334.0],[130.0, 334.0],(833.0, 988.0),(926.0, 65.0)
28824286192600,0.0,0.0,[130.0, 334.0],[130.0, 334.0],(905.0, 56.0),(318.0, 38.0)
28824292473100,0.3205128204614563,0.04796163069429349,[130.0, 334.0],[130.0, 334.0],(104.0, 702.0),(695.0, 176.0)
28824298607400,0.09324009323791982,0.09233610341430434,[130.0, 334.0],[130.0, 334.0],(715.0, 340.0),(722.0, 834.0)
28824304262000,0.17825311942164648,0.30165912516578736,[131.0, 334.0],[131.0, 334.0],(374.0, 875.0),(221.0, 425.0)
28824310422600,0.08691873098463888,0.07122507122380298,[131.0, 334.0],[131.0, 334.0],(767.0, 327.0),(936.0, 130.0)
28824316410200,0.14106148349855335,0.19306879830055373,[131.0, 334.0],[131.0, 334.0],(1055.0, 532.0),(761.0, 411.0)
28824322517800,1.092296418775179,0.42875667901382397,[132.0, 334.0],[132.0, 334.0],(184.0, 618.0),(1064.0, 173.0)
28824328015100,1.839419348697231,1.3825545088092384,[134.0, 333.0],[134.0, 333.0],(127.0, 750.0),(169.0, 924.0)
28824333618000,1.4000973037605802,0.5882992722727778,[134.0, 333.0],[134.0, 333.0],(807.0, 49.0),(614.0, 168.0)
28824339878200,1.930027103403713,0.9282298645553058,[136.0, 333.0],[136.0, 333.0],(143.0, 134.0),(288.0, 1020.0)
28824345176200,0.5126652554818115,0.4318472624951281,[138.0, 332.0],[138.0, 332.0],(592.0, 859.0),(703.0, 1007.0)
28824351540400,0.4809222225854796,3.056208905219089,[138.0, 332.0],[138.0, 332.0],(771.0, 932.0),(120.0, 1055.0)
28824357427300,1.0007447237756384,0.8768320236423154,[141.0, 332.0],[141.0, 332.0],(1064.0, 344.0),(1021.0, 910.0)
28824363448800,3.0688052372785677,12.872549600547742,[144.0, 331.0],[144.0, 331.0],(793.0, 126.0),(96.0, 413.0)
28824368819900,3.9071435988473517,1.5881675213896034,[158.0, 327.0],[158.0, 327.0],(404.0, 908.0),(1074.0, 690.0)
28824375075000,12.177982501672759,12.348130248629571,[158.0, 327.0],[158.0, 327.0],(1051.0, 53.0),(200.0, 1048.0)
28824380918500,4.4544184340262865,5.290801231329842,[174.0, 323.0],[174.0, 323.0],(1070.0, 584.0),(855.0, 814.0)
28824386781500,31.892313940604147,7.667548399270153,[202.0, 316.0],[202.0, 316.0],(225.0, 934.0),(967.0, 763.0)
28824392459700,8.467705001842743,32.97851397087196,[246.0, 308.0],[246.0, 308.0],(925.0, 647.0),(445.0, 53.0)
28824398444700,7.757733004014316,18.948621956493543,[301.0, 297.0],[301.0, 297.0],(960.0, 722.0),(387.0, 428.0)
28824404539000,12.672917455915703,43.892189136443605,[301.0, 297.0],[301.0, 297.0],(683.0, 481.0),(194.0, 271.0)
28824410927300,20.994936370218326,127.97582578101184,[364.0, 287.0],[364.0, 287.0],(547.0, 233.0),(87.0, 932.0)
28824417072800,252.29826621767538,18.431049169858735,[437.0, 280.0],[437.0, 280.0],(44.0, 260.0),(603.0, 1012.0)
28824423274000,11.155450513465718,137.855189030486,[499.0, 278.0],[499.0, 278.0],(739.0, 319.0),(61.0, 12.0)
28824428961400,15.502196554321836,17.26275818804609,[499.0, 278.0],[499.0, 278.0],(415.0, 872.0),(373.0, 92.0)
28824434984500,7.137161084387218,6.2939521799174765,[548.0, 278.0],[548.0, 278.0],(836.0, 783.0),(948.0, 296.0)
28824441175600,18.308080806924995,35.53921568191922,[581.0, 278.0],[581.0, 278.0],(264.0, 658.0),(136.0, 213.0)
28824447062900,3.4370500684194965,4.706755674940967,[596.0, 278.0],[596.0, 278.0],(708.0, 1080.0),(517.0, 1014.0)
28824453232900,1.8062829616737823,1.9592681477030864,[596.0, 278.0],[596.0, 278.0],(775.0, 199.0),(986.0, 92.0)
28824459258300,18.379604552345597,1.0934961161166916,[606.0, 279.0],[606.0, 279.0],(49.0, 298.0),(869.0, 570.0)
28824465150000,1.1001450446457517,0.7055025783141694,[610.0, 281.0],[610.0, 281.0],(554.0, 313.0),(807.0, 675.0)
28824471217700,1.3097094793790542,0.09697927998588865,[609.0, 281.0],[609.0, 281.0],(249.0, 52.0),(958.0, 987.0)
28824477245600,0.11688077342521747,0.48592776406277677,[609.0, 281.0],[609.0, 281.0],(829.0, 393.0),(139.0, 427.0)
28824483216800,0.3001422979730307,0.2216716808969938,[609.0, 281.0],[609.0, 281.0],(601.0, 871.0),(917.0, 788.0)
28824489122300,2.4162844773148477,0.38854623016222734,[608.0, 282.0],[608.0, 282.0],(139.0, 563.0),(1074.0, 713.0)
28824495030100,0.4606007694348746,0.5936898058485595,[605.0, 283.0],[605.0, 283.0],(1022.0, 577.0),(867.0, 400.0)
28824500586600,0.7762109102808449,1.0726552837656644,[603.0, 284.0],[603.0, 284.0],(548.0, 505.0),(376.0, 971.0)
28824506410300,1.7352694185645614,1.9517728428347711,[603.0, 284.0],[603.0, 284.0],(332.0, 254.0),(279.0, 423.0)
28824512405500,0.9655297049555742,4.4672130040072595,[598.0, 285.0],[598.0, 285.0],(635.0, 1007.0),(135.0, 444.0)
28824518184300,0.9867439485850573,0.5780676921977367,[594.0, 287.0],[594.0, 287.0],(489.0, 384.0),(846.0, 622.0)
28824524178500,0.45598832280293683,0.5801409751095477,[594.0, 287.0],[594.0, 287.0],(362.0, 248.0),(232.0, 842.0)
28824530305700,0.8333333331597221,0.06548788474025069,[594.0, 287.0],[594.0, 287.0],(80.0, 707.0),(1018.0, 679.0)
28824535768000,0.14619883040668497,0.19129603060279063,[594.0, 287.0],[594.0, 287.0],(912.0, 970.0),(697.0, 137.0)
28824541927300,1.2824871529558504,0.40696815340166737,[596.0, 287.0],[596.0, 287.0],(260.0, 997.0),(836.0, 409.0)
28824547825400,2.994259539750587,1.5754071119718924,[596.0, 287.0],[596.0, 287.0],(301.0, 1048.0),(586.0, 475.0)
28824553779700,155.6818498899381,20.54957681340291,[602.0, 286.0],[602.0, 286.0],(319.0, 3.0),(99.0, 124.0)
28824559097800,4.112521110312033,3.193352532635156,[615.0, 283.0],[615.0, 283.0],(634.0, 651.0),(808.0, 1045.0)
28824565139600,15.828271722542297,68.72177715163251,[637.0, 277.0],[637.0, 277.0],(215.0, 332.0),(49.0, 547.0)
28824571248800,10.167635276299222,56.71329402846628,[637.0, 277.0],[637.0, 277.0],(546.0, 820.0),(97.0, 961.0)
28824577173800,16.712665947745922,27.934945546125373,[681.0, 269.0],[681.0, 269.0],(563.0, 343.0),(321.0, 743.0)
28824583050600,32.976580411691046,182.18217629653907,[736.0, 257.0],[736.0, 257.0],(382.0, 1063.0),(69.0, 536.0)
28824589093400,16.992487631851372,12.759417880818845,[806.0, 243.0],[806.0, 243.0],(714.0, 1014.0),(962.0, 874.0)
28824594936700,37.342270130041236,17.25552317367527,[889.0, 230.0],[889.0, 230.0],(331.0, 90.0),(813.0, 150.0)
28824600926500,21.775380292956104,20.263216472702258,[889.0, 230.0],[889.0, 230.0],(504.0, 758.0),(541.0, 972.0)
28824607022000,13.563719193982946,17.96390042941846,[975.0, 220.0],[975.0, 220.0],(927.0, 831.0),(726.0, 278.0)
28824612883600,57.63814013213914,27.715498749297023,[1048.0, 210.0],[1048.0, 210.0],(199.0, 913.0),(419.0, 289.0)
28824618751600,25.22851478529019,16.95525474182525,[1104.0, 206.0],[1104.0, 206.0],(360.0, 43.0),(452.0, 223.0)
28824624913800,10.097339333353348,133.50809115347815,[1104.0, 206.0],[1104.0, 206.0],(530.0, 160.0),(781.0, 1.0)
28824630782100,13.880445794636248,11.830742659247377,[1146.0, 206.0],[1146.0, 206.0],(329.0, 956.0),(386.0, 781.0)
28824636340200,4.77453580891303,8.888888888523091,[1166.0, 206.0],[1166.0, 206.0],(754.0, 366.0),(405.0, 786.0)
28824642460900,2.846195949566333,7.951070335783557,[1179.0, 206.0],[1179.0, 206.0],(609.0, 598.0),(218.0, 151.0)
28824648698100,43.23494866898349,6.764139733713092,[1179.0, 206.0],[1179.0, 206.0],(22.0, 4.0),(138.0, 310.0)
28824654541700,1.165979685497011,1.211596511540179,[1185.0, 206.0],[1185.0, 206.0],(552.0, 158.0),(496.0, 978.0)
28824660417300,2.0807049265095947,1.1913262015499892,[1188.0, 205.0],[1188.0, 205.0],(193.0, 362.0),(337.0, 653.0)
28824665835100,0.857372703407253,0.3463568033679019,[1188.0, 205.0],[1188.0, 205.0],(119.0, 392.0),(648.0, 215.0)
28824671777200,0.48629406867355923,0.5419516706513987,[1188.0, 205.0],[1188.0, 205.0],(95.0, 198.0),(88.0, 172.0)
28824677850600,0.11332848661931894,0.18073279882658502,[1188.0, 204.0],[1188.0, 204.0],(963.0, 743.0),(1014.0, 396.0)
28824683452000,0.26530493172128966,0.4342265069174629,[1187.0, 204.0],[1187.0, 204.0],(690.0, 150.0),(231.0, 983.0)
28824689543500,0.6172839505537774,0.09689922480463664,[1187.0, 204.0],[1187.0, 204.0],(162.0, 344.0),(1032.0, 833.0)
28824696209200,0.349115244910898,0.21788742215179213,[1186.0, 204.0],[1186.0, 204.0],(699.0, 114.0),(655.0, 429.0)
28824701961000,0.27323657300012344,0.5182386103179543,[1186.0, 204.0],[1186.0, 204.0],(982.0, 366.0),(411.0, 374.0)
28824708052000,0.21653003109577496,1.9107548211984855,[1184.0, 205.0],[1184.0, 205.0],(1019.0, 729.0),(106.0, 221.0)
28824713624500,9.09146853738617,0.6204081864599571,[1183.0, 205.0],[1183.0, 205.0],(22.0, 661.0),(631.0, 125.0)
28824719464400,0.688485909440654,0.33492051060352385,[1183.0, 205.0],[1183.0, 205.0],(454.0, 126.0),(987.0, 250.0)
28824724961800,0.3150708977224512,0.20720369833523958,[1181.0, 206.0],[1181.0, 206.0],(748.0, 400.0),(1026.0, 949.0)
28824730260300,0.3803227242705748,0.3116800582194734,[1180.0, 206.0],[1180.0, 206.0],(354.0, 632.0),(430.0, 1056.0)
28824735603700,0.10718113611429897,0.03880481179590988,[1180.0, 206.0],[1180.0, 206.0],(311.0, 319.0),(859.0, 256.0)
28824741859200,0.0,0.0,[1180.0, 206.0],[1180.0, 206.0],(1054.0, 861.0),(1058.0, 64.0)
28824747200800,0.0,0.0,[1180.0, 206.0],[1180.0, 206.0],(402.0, 438.0),(208.0, 402.0)
28824752668400,0.0,0.0,[1180.0, 206.0],[1180.0, 206.0],(484.0, 293.0),(1.0, 536.0)
28824758279300,0.0,0.0,[1180.0, 206.0],[1180.0, 206.0],(519.0, 369.0),(889.0, 322.0)
28824764256900,0.0,0.0,[1180.0, 206.0],[1180.0, 206.0],(639.0, 324.0),(199.0, 9.0)
28824770210800,0.0,0.0,[1180.0, 206.0],[1180.0, 206.0],(212.0, 971.0),(363.0, 335.0)
28824776261700,0.0,0.0,[1180.0, 206.0],[1180.0, 206.0],(355.0, 364.0),(816.0, 273.0)
28824782163300,0.0,0.0,[1180.0, 206.0],[1180.0, 206.0],(161.0, 868.0),(937.0, 15.0)
28824788321600,0.0,0.0,[1180.0, 206.0],[1180.0, 206.0],(1035.0, 626.0),(951.0, 457.0)
28824794067900,0.0,0.0,[1180.0, 206.0],[1180.0, 206.0],(517.0, 226.0),(21.0, 1047.0)
28824799990000,0.0,0.0,[1180.0, 206.0],[1180.0, 206.0],(495.0, 589.0),(961.0, 688.0)
28824805864900,0.0,0.0,[1180.0, 206.0],[1180.0, 206.0],(386.0, 336.0),(1051.0, 202.0)
28824811884600,0.0,0.0,[1180.0, 206.0],[1180.0, 206.0],(1068.0, 912.0),(669.0, 1063.0)
28824817792700,0.0,0.0,[1180.0, 206.0],[1180.0, 206.0],(422.0, 186.0),(314.0, 784.0)
28824823789800,0.0,0.0,[1180.0, 206.0],[1180.0, 206.0],(576.0, 1024.0),(415.0, 793.0)
28824829365500,0.1317523056566698,0.09442870632226494,[1180.0, 206.0],[1180.0, 206.0],(253.0, 984.0),(353.0, 799.0)
28824835853900,0.4132231404674089,0.1703577512728462,[1180.0, 206.0],[1180.0, 206.0],(242.0, 294.0),(587.0, 830.0)
28824841191400,0.23269342640393562,0.15414258188527663,[1179.0, 206.0],[1179.0, 206.0],(573.0, 173.0),(865.0, 837.0)
28824846691200,0.1843113477409814,0.23387857799127298,[1178.0, 206.0],[1178.0, 206.0],(944.0, 630.0),(735.0, 582.0)
28824852659600,2.048758079683428,1.2391188988277435,[1178.0, 206.0],[1178.0, 206.0],(753.0, 67.0),(647.0, 121.0)
28824858850300,2.8760412087519764,1.059498232869345,[1176.0, 207.0],[1176.0, 207.0],(369.0, 356.0),(1027.0, 703.0)
28824864403800,1.7096722573103469,2.0111338707877984,[1170.0, 209.0],[1170.0, 209.0],(1045.0, 239.0),(734.0, 1024.0)
28824870418500,5.291905251219646,54.71230725796011,[1155.0, 210.0],[1155.0, 210.0],(404.0, 865.0),(39.0, 268.0)
28824876327500,5.621267051941692,5.382226448820039,[1155.0, 210.0],[1155.0, 210.0],(850.0, 303.0),(801.0, 994.0)
28824882332000,53.71527268893034,32.63905971133423,[1127.0, 215.0],[1127.0, 215.0],(167.0, 1047.0),(277.0, 391.0)
28824888545300,12.653479504815015,30.751174536086612,[1070.0, 227.0],[1070.0, 227.0],(912.0, 825.0),(370.0, 723.0)
28824893765000,12.516768057617885,20.253888732761727,[971.0, 242.0],[971.0, 242.0],(998.0, 973.0),(897.0, 130.0)
28824899871700,16.557832851561585,74.19989071172164,[971.0, 242.0],[971.0, 242.0],(938.0, 630.0),(206.0, 333.0)
28824905865200,32.25820111939571,113.61861986535706,[856.0, 258.0],[856.0, 258.0],(634.0, 731.0),(179.0, 1072.0)
28824911375400,21.51009505306754,42.0138005750116,[728.0, 272.0],[728.0, 272.0],(1066.0, 270.0),(493.0, 689.0)
28824917168900,34.533385321259104,23.97878757647835,[604.0, 288.0],[604.0, 288.0],(481.0, 461.0),(711.0, 262.0)
28824922732000,22.641621030203286,295.5134159037712,[604.0, 288.0],[604.0, 288.0],(679.0, 781.0),(52.0, 899.0)
28824928359000,153.27380950100093,16.912972085108162,[484.0, 288.0],[484.0, 288.0],(112.0, 207.0),(1015.0, 245.0)
28824934339700,178.2771535246672,26.269315672564314,[387.0, 288.0],[387.0, 288.0],(89.0, 385.0),(604.0, 645.0)
28824940520000,13.936972924679607,24.17244033779167,[306.0, 288.0],[306.0, 288.0],(751.0, 652.0),(433.0, 74.0)
28824946508400,30.694444442312886,7.179987004431775,[306.0, 288.0],[306.0, 288.0],(240.0, 203.0),(1026.0, 314.0)
28824952435600,214.94253116096326,44.844219756891725,[251.0, 288.0],[251.0, 288.0],(29.0, 1007.0),(139.0, 361.0)
28824958693900,4.959923279873374,38.20522187289109,[221.0, 288.0],[221.0, 288.0],(1002.0, 376.0),(130.0, 788.0)
28824964399100,13.154250754986075,2.454465032563135,[204.0, 289.0],[204.0, 289.0],(180.0, 416.0),(971.0, 576.0)
28824970239000,1.3790170078137876,14.880086310915047,[204.0, 289.0],[204.0, 289.0],(878.0, 723.0),(838.0, 18.0)
28824976151400,8.348175218957447,1.9781906630256574,[197.0, 292.0],[197.0, 292.0],(101.0, 236.0),(429.0, 802.0)
28824982804400,4.519050003605546,1.0760474650444853,[193.0, 293.0],[193.0, 293.0],(856.0, 60.0),(671.0, 1011.0)
28824988664800,0.49084282374328286,0.39878229254743436,[190.0, 294.0],[190.0, 294.0],(722.0, 1000.0),(1055.0, 685.0)
28824994644200,0.42875903334606136,0.529271161675353,[190.0, 295.0],[190.0, 295.0],(899.0, 322.0),(370.0, 293.0)
28825000542400,0.7575757574801041,0.24813895780611503,[190.0, 295.0],[190.0, 295.0],(10.0, 132.0),(28.0, 403.0)
28825006638900,0.1670843776037141,0.07153075822475803,[190.0, 296.0],[190.0, 296.0],(704.0, 399.0),(810.0, 932.0)
28825012281700,0.04278990158231087,0.03258390355111463,[190.0, 296.0],[190.0, 296.0],(901.0, 779.0),(453.0, 1023.0)
28825018589300,0.0,0.0,[190.0, 296.0],[190.0, 296.0],(1072.0, 657.0),(982.0, 229.0)
28825024665000,0.0,0.0,[190.0, 296.0],[190.0, 296.0],(792.0, 539.0),(905.0, 366.0)
28825030534200,0.0,0.0,[190.0, 296.0],[190.0, 296.0],(818.0, 467.0),(969.0, 863.0)
28825036370300,0.0,0.0,[190.0, 296.0],[190.0, 296.0],(704.0, 416.0),(547.0, 343.0)
28825043300400,0.0,0.0,[190.0, 296.0],[190.0, 296.0],(461.0, 570.0),(560.0, 111.0)
28825049107500,0.0,0.0,[190.0, 296.0],[190.0, 296.0],(878.0, 141.0),(701.0, 296.0)
28825055078700,0.0,0.0,[190.0, 296.0],[190.0, 296.0],(527.0, 813.0),(919.0, 21.0)
28825060512100,0.0,0.0,[190.0, 296.0],[190.0, 296.0],(603.0, 89.0),(1071.0, 47.0)
28825066001100,0.0,0.0,[190.0, 296.0],[190.0, 296.0],(548.0, 589.0),(446.0, 378.0)
28825071702100,0.08071025019851856,0.4830917873229247,[190.0, 296.0],[190.0, 296.0],(413.0, 919.0),(69.0, 83.0)
28825077865500,0.3683241251962869,0.2962962962743484,[190.0, 296.0],[190.0, 296.0],(181.0, 958.0),(225.0, 94.0)
28825083614600,0.08406893652618602,1.2820512816403682,[189.0, 296.0],[189.0, 296.0],(793.0, 191.0),(52.0, 192.0)
28825089753100,0.1179941002915046,0.0698812019554528,[189.0, 296.0],[189.0, 296.0],(565.0, 238.0),(954.0, 1066.0)
28825095564500,0.16718790252898888,0.14883304830058552,[189.0, 296.0],[189.0, 296.0],(684.0, 411.0),(737.0, 545.0)
28825101712600,0.5063170247365475,0.3286098316838983,[188.0, 296.0],[188.0, 296.0],(377.0, 184.0),(432.0, 591.0)
28825107462900,0.21132937271308944,0.22327906846724943,[187.0, 297.0],[187.0, 297.0],(519.0, 768.0),(467.0, 1054.0)
28825113464600,0.599439432271881,0.08148601177845298,[187.0, 297.0],[187.0, 297.0],(941.0, 56.0),(927.0, 870.0)
28825119402200,0.2554217981253268,0.18207460041500628,[187.0, 297.0],[187.0, 297.0],(268.0, 575.0),(510.0, 263.0)
28825125504700,0.1454074721981735,0.15114791936338762,[186.0, 297.0],[186.0, 297.0],(994.0, 635.0),(776.0, 844.0)
28825131778100,0.16093960249446285,0.6090917051929355,[186.0, 298.0],[186.0, 298.0],(808.0, 648.0),(167.0, 598.0)
28825137287900,0.5981650875748091,0.16694833947582144,[185.0, 298.0],[185.0, 298.0],(119.0, 159.0),(407.0, 1033.0)
28825143214700,0.09718172983006892,0.07047216349293615,[185.0, 298.0],[185.0, 298.0],(343.0, 300.0),(473.0, 992.0)
28825149121200,0.0,0.0,[185.0, 298.0],[185.0, 298.0],(878.0, 355.0),(162.0, 498.0)
28825155158600,0.0,0.0,[185.0, 298.0],[185.0, 298.0],(28.0, 8.0),(235.0, 348.0)
28825161192800,0.0,0.0,[185.0, 298.0],[185.0, 298.0],(46.0, 596.0),(20.0, 879.0)
28825167132800,0.0,0.0,[185.0, 298.0],[185.0, 298.0],(533.0, 703.0),(897.0, 28.0)
28825173267600,3.333333327777778,0.0803212851373365,[185.0, 298.0],[185.0, 298.0],(10.0, 397.0),(415.0, 1053.0)
28825179022100,0.09195402298639187,0.19607843136293732,[185.0, 298.0],[185.0, 298.0],(725.0, 572.0),(340.0, 381.0)
28825184984500,0.1491424310160648,0.08281573498793342,[184.0, 298.0],[184.0, 298.0],(447.0, 507.0),(805.0, 735.0)
28825191283500,0.21231422504180922,0.4662004661461305,[184.0, 298.0],[184.0, 298.0],(314.0, 365.0),(143.0, 572.0)
28825197235800,0.5128205127547666,0.2322880371525965,[184.0, 298.0],[184.0, 298.0],(130.0, 312.0),(287.0, 930.0)
28825202851000,0.1921229586843361,1.6260162595016194,[183.0, 298.0],[183.0, 298.0],(347.0, 995.0),(41.0, 305.0)
28825209634900,0.16835016833599745,0.12531328320016832,[183.0, 298.0],[183.0, 298.0],(198.0, 1069.0),(266.0, 1035.0)
28825215168900,0.04198152812674262,0.04030632809269838,[183.0, 298.0],[183.0, 298.0],(794.0, 138.0),(827.0, 1038.0)
28825220666800,0.4166666666232639,0.23310023308664915,[183.0, 298.0],[183.0, 298.0],(160.0, 723.0),(286.0, 3.0)
28825227129000,0.12322858902885926,0.0676132521962878,[182.0, 298.0],[182.0, 298.0],(541.0, 24.0),(986.0, 1042.0)
28825232657900,1.0752688166261997,0.07751937984195661,[182.0, 298.0],[182.0, 298.0],(31.0, 661.0),(430.0, 864.0)
28825238761200,0.0,0.0,[182.0, 298.0],[182.0, 298.0],(70.0, 608.0),(970.0, 302.0)
28825244593900,0.0,0.0,[182.0, 298.0],[182.0, 298.0],(950.0, 949.0),(684.0, 376.0)
28825250442500,0.0,0.0,[182.0, 298.0],[182.0, 298.0],(836.0, 658.0),(849.0, 418.0)
28825255965000,0.0,0.0,[182.0, 298.0],[182.0, 298.0],(822.0, 992.0),(932.0, 13.0)
28825261785600,0.0,0.0,[182.0, 298.0],[182.0, 298.0],(78.0, 801.0),(689.0, 418.0)
28825267923200,0.0,0.0,[182.0, 298.0],[182.0, 298.0],(480.0, 346.0),(1052.0, 390.0)
28825274103700,0.0,0.0,[182.0, 298.0],[182.0, 298.0],(536.0, 795.0),(40.0, 129.0)
28825279672900,0.0,0.0,[182.0, 298.0],[182.0, 298.0],(72.0, 383.0),(255.0, 814.0)
28825285311200,0.0,0.0,[182.0, 298.0],[182.0, 298.0],(714.0, 424.0),(251.0, 911.0)
28825291075300,0.0,0.0,[182.0, 298.0],[182.0, 298.0],(225.0, 899.0),(1073.0, 800.0)
28825296324200,0.0,0.0,[182.0, 298.0],[182.0, 298.0],(309.0, 905.0),(920.0, 522.0)
28825302534700,0.0,0.0,[182.0, 298.0],[182.0, 298.0],(897.0, 114.0),(262.0, 34.0)
28825308694100,0.0,0.0,[182.0, 298.0],[182.0, 298.0],(249.0, 1036.0),(1044.0, 828.0)
28825314654000,0.0398247710067737,0.36630036623327833,[182.0, 298.0],[182.0, 298.0],(837.0, 868.0),(91.0, 617.0)
28825320652700,0.14245014244760595,1.0335917311326108,[182.0, 298.0],[182.0, 298.0],(936.0, 92.0),(129.0, 226.0)
28825326702900,0.4672897196079716,0.32573289901395946,[183.0, 298.0],[183.0, 298.0],(428.0, 275.0),(614.0, 591.0)
28825332443200,3.0033949518703573,1.0336243601877488,[185.0, 298.0],[185.0, 298.0],(111.0, 687.0),(323.0, 574.0)
28825338218100,0.7837316940010232,1.7717038206926796,[185.0, 298.0],[185.0, 298.0],(914.0, 465.0),(437.0, 148.0)
28825344166000,1.8084621889060803,2.61175766974958,[190.0, 297.0],[190.0, 297.0],(485.0, 719.0),(485.0, 105.0)
28825349952100,2.711580386643637,1.6560611712143576,[198.0, 295.0],[198.0, 295.0],(880.0, 128.0),(757.0, 626.0)
28825355518900,6.228170657236837,3.889466845559381,[198.0, 295.0],[198.0, 295.0],(307.0, 764.0),(723.0, 186.0)
28825361369100,7.276214936195935,13.272867524478045,[213.0, 291.0],[213.0, 291.0],(459.0, 774.0),(250.0, 624.0)
28825367149100,6.773111049256781,32.80196038608312,[232.0, 285.0],[232.0, 285.0],(573.0, 882.0),(117.0, 588.0)
28825372746200,9.310004059053751,6.209878735499936,[263.0, 279.0],[263.0, 279.0],(456.0, 411.0),(717.0, 335.0)
28825378569100,96.23322829412413,6.455574848753229,[263.0, 279.0],[263.0, 279.0],(658.0, 8.0),(900.0, 974.0)
28825384662300,13.755586458368056,12.287828465225955,[307.0, 275.0],[307.0, 275.0],(669.0, 178.0),(688.0, 721.0)
28825390618400,14.867038460951862,11.04963277850012,[361.0, 266.0],[361.0, 266.0],(741.0, 572.0),(1010.0, 520.0)
28825396323600,34.05881021924388,71.58766107916848,[417.0, 262.0],[417.0, 262.0],(286.0, 774.0),(136.0, 626.0)
28825402291500,79.8718852747345,10.01616714190423,[480.0, 255.0],[480.0, 255.0],(101.0, 1056.0),(816.0, 517.0)
28825408172500,32.69552393758795,88.52750736033204,[480.0, 255.0],[480.0, 255.0],(244.0, 504.0),(90.0, 687.0)
28825414464900,539.2164282726519,127.32018695438347,[540.0, 248.0],[540.0, 248.0],(17.0, 894.0),(72.0, 684.0)
28825420249900,17.697020987019176,68.2603104848935,[596.0, 243.0],[596.0, 243.0],(491.0, 224.0),(126.0, 609.0)
28825426569100,11.423027989687693,134.8486802078971,[639.0, 243.0],[639.0, 243.0],(694.0, 22.0),(44.0, 726.0)
28825432416300,7.495741056005232,8.301886792191764,[639.0, 243.0],[639.0, 243.0],(587.0, 164.0),(530.0, 608.0)
28825438491000,3.925619834643154,3.5447761193478735,[675.0, 243.0],[675.0, 243.0],(968.0, 1021.0),(1072.0, 500.0)
28825443740500,11.111111110393338,4.3434343433246605,[692.0, 243.0],[692.0, 243.0],(258.0, 963.0),(660.0, 497.0)
28825449930600,3.725490195895809,2.2946859902688805,[700.0, 243.0],[700.0, 243.0],(340.0, 360.0),(552.0, 238.0)
28825455969200,0.6435006434902912,0.980392156838716,[700.0, 243.0],[700.0, 243.0],(1036.0, 853.0),(680.0, 734.0)
28825461842600,2.4691358022513987,0.4385964912211999,[705.0, 243.0],[705.0, 243.0],(189.0, 329.0),(1064.0, 913.0)
28825467931900,2.2727272724403123,0.31813361611314717,[707.0, 243.0],[707.0, 243.0],(132.0, 802.0),(943.0, 210.0)
28825473805900,0.117577895352217,0.16666666665972224,[707.0, 243.0],[707.0, 243.0],(567.0, 160.0),(400.0, 371.0)
28825479762500,0.0,0.0,[707.0, 243.0],[707.0, 243.0],(683.0, 90.0),(632.0, 713.0)
28825485700100,0.0,0.0,[707.0, 243.0],[707.0, 243.0],(585.0, 669.0),(984.0, 13.0)
28825491723900,0.0,0.0,[707.0, 243.0],[707.0, 243.0],(433.0, 114.0),(781.0, 211.0)
28825497717600,0.0,0.0,[707.0, 243.0],[707.0, 243.0],(948.0, 438.0),(623.0, 942.0)
28825503560900,0.0,0.0,[707.0, 243.0],[707.0, 243.0],(236.0, 790.0),(267.0, 760.0)
28825509801800,0.0,0.0,[707.0, 243.0],[707.0, 243.0],(52.0, 628.0),(208.0, 334.0)
28825515505900,0.0,0.0,[707.0, 243.0],[707.0, 243.0],(668.0, 938.0),(1046.0, 287.0)
28825521501500,0.0,0.0,[707.0, 243.0],[707.0, 243.0],(588.0, 721.0),(612.0, 373.0)
28825527451200,0.0,0.0,[707.0, 243.0],[707.0, 243.0],(44.0, 225.0),(376.0, 354.0)
28825533332400,0.08658008657633853,0.06587615283050474,[707.0, 243.0],[707.0, 243.0],(437.0, 385.0),(324.0, 506.0)
28825539307800,0.12484394506476768,0.1386001385953361,[707.0, 243.0],[707.0, 243.0],(536.0, 534.0),(1074.0, 481.0)
28825545560500,0.07024938531664472,0.1687763713008955,[707.0, 244.0],[707.0, 244.0],(517.0, 949.0),(797.0, 395.0)
28825551683300,0.48420676165546767,0.05369740664752511,[707.0, 244.0],[707.0, 244.0],(69.0, 1015.0),(886.0, 870.0)
28825557709300,0.3164556961858409,0.11547344110632268,[707.0, 244.0],[707.0, 244.0],(316.0, 882.0),(866.0, 37.0)
28825563064100,0.21030494216061238,0.12662234884256693,[708.0, 244.0],[708.0, 244.0],(634.0, 1023.0),(1053.0, 324.0)
28825569003600,0.44923629827272077,5.555555552469136,[709.0, 244.0],[709.0, 244.0],(371.0, 733.0),(30.0, 24.0)
28825575130400,0.2693602693557347,0.952380952324263,[709.0, 244.0],[709.0, 244.0],(990.0, 853.0),(280.0, 827.0)
28825581132500,0.7633587786065303,1.358695652112378,[711.0, 244.0],[711.0, 244.0],(655.0, 513.0),(368.0, 342.0)
28825586956800,1.3505217924692903,1.1127971673972485,[714.0, 244.0],[714.0, 244.0],(543.0, 512.0),(659.0, 898.0)
28825592687700,3.124999999767485,0.9668508287070247,[719.0, 244.0],[719.0, 244.0],(224.0, 728.0),(724.0, 923.0)
28825598670700,0.5714285714195011,1.5345268541545385,[723.0, 244.0],[723.0, 244.0],(1050.0, 884.0),(391.0, 438.0)
28825604646300,0.7946465913677406,2.4173027988284157,[723.0, 244.0],[723.0, 244.0],(797.0, 100.0),(262.0, 47.0)
28825610546800,1.5873015872443255,0.6834420627417919,[728.0, 244.0],[728.0, 244.0],(462.0, 669.0),(1073.0, 453.0)
28825616584100,0.8547008546816307,0.7140172867208942,[733.0, 244.0],[733.0, 244.0],(741.0, 967.0),(887.0, 648.0)
28825622723800,1.020915301220119,13.793340723736426,[735.0, 244.0],[735.0, 244.0],(392.0, 1036.0),(29.0, 412.0)
28825628502600,1.5576760591691665,0.6564413233172034,[735.0, 244.0],[735.0, 244.0],(193.0, 991.0),(1006.0, 171.0)
28825634056300,0.9695496578724212,9.52663203625307,[738.0, 245.0],[738.0, 245.0],(819.0, 146.0),(28.0, 575.0)
28825639567700,0.2645867941808118,0.44179841553915494,[739.0, 246.0],[739.0, 246.0],(723.0, 770.0),(467.0, 384.0)
28825645720900,1.1921239084677777,0.15480832661554206,[739.0, 246.0],[739.0, 246.0],(1064.0, 28.0),(630.0, 295.0)
28825651539800,0.12995451591520615,0.1277139208132914,[739.0, 246.0],[739.0, 246.0],(513.0, 550.0),(522.0, 157.0)
28825657161300,0.07246376811462928,0.17921146952602102,[740.0, 246.0],[740.0, 246.0],(920.0, 190.0),(372.0, 650.0)
28825663155600,0.15503875967790395,0.035765379112379016,[740.0, 246.0],[740.0, 246.0],(215.0, 434.0),(932.0, 808.0)
28825669026400,0.0,0.0,[740.0, 246.0],[740.0, 246.0],(444.0, 751.0),(915.0, 379.0)
28825675113500,0.0,0.0,[740.0, 246.0],[740.0, 246.0],(755.0, 373.0),(1078.0, 837.0)
28825680971000,0.0,0.0,[740.0, 246.0],[740.0, 246.0],(1047.0, 546.0),(148.0, 851.0)
28825687095800,0.0,0.0,[740.0, 246.0],[740.0, 246.0],(209.0, 827.0),(849.0, 603.0)
28825692879900,0.0,0.0,[740.0, 246.0],[740.0, 246.0],(394.0, 866.0),(33.0, 923.0)
28825699065700,0.0,0.0,[740.0, 246.0],[740.0, 246.0],(710.0, 168.0),(552.0, 506.0)
28825704926100,0.0,0.0,[740.0, 246.0],[740.0, 246.0],(193.0, 716.0),(472.0, 1027.0)
28825710912400,0.0,0.0,[740.0, 246.0],[740.0, 246.0],(594.0, 201.0),(992.0, 470.0)
28825716475000,0.0,0.0,[740.0, 246.0],[740.0, 246.0],(750.0, 369.0),(953.0, 62.0)
28825722366900,0.0,0.0,[740.0, 246.0],[740.0, 246.0],(769.0, 618.0),(841.0, 226.0)
28825728456600,0.12210012209266788,0.16750418759066127,[740.0, 246.0],[740.0, 246.0],(273.0, 1070.0),(199.0, 621.0)
28825734371600,0.4474272930148292,0.08536064873910883,[740.0, 246.0],[740.0, 246.0],(149.0, 713.0),(781.0, 988.0)
28825740434600,0.1070123877167429,1.6727432016134869,[741.0, 246.0],[741.0, 246.0],(1060.0, 385.0),(40.0, 234.0)
28825746528500,0.32113311371942826,0.14959992515203419,[741.0, 246.0],[741.0, 246.0],(217.0, 713.0),(879.0, 517.0)
28825751878900,0.3944896246894218,0.19642972467209643,[741.0, 245.0],[741.0, 245.0],(344.0, 908.0),(728.0, 939.0)
28825758288200,3.128084896285241,0.7461298900847503,[742.0, 245.0],[742.0, 245.0],(64.0, 240.0),(269.0, 532.0)
28825764552200,0.17580872010942672,0.28248587569823486,[744.0, 245.0],[744.0, 245.0],(948.0, 402.0),(590.0, 248.0)
28825770224600,1.481481481207133,1.5686274506728182,[744.0, 245.0],[744.0, 245.0],(90.0, 1066.0),(85.0, 751.0)
28825775557900,0.8948545860296584,0.1736111111073435,[744.0, 245.0],[744.0, 245.0],(149.0, 382.0),(768.0, 81.0)
28825781533400,0.2923976608080264,0.13619339461804233,[746.0, 245.0],[746.0, 245.0],(456.0, 1075.0),(979.0, 237.0)
28825787467700,0.12449424213936361,1.2578616350223488,[746.0, 245.0],[746.0, 245.0],(1071.0, 551.0),(106.0, 882.0)
28825793062200,0.22163120566884684,1.9157088118935426,[746.0, 245.0],[746.0, 245.0],(752.0, 1058.0),(87.0, 860.0)
28825798760200,0.9259259258646874,0.41371158391212437,[748.0, 245.0],[748.0, 245.0],(252.0, 109.0),(564.0, 428.0)
28825804730300,2.9850746261231156,0.7782101166810499,[749.0, 245.0],[749.0, 245.0],(67.0, 264.0),(257.0, 728.0)
28825810773900,0.14245014244676044,0.2070393374669759,[750.0, 245.0],[750.0, 245.0],(702.0, 259.0),(483.0, 121.0)
28825816617500,0.06747638326471869,0.12970168611771396,[750.0, 245.0],[750.0, 245.0],(988.0, 547.0),(514.0, 226.0)
28825822692900,0.18621973928369556,0.12674271229002718,[750.0, 245.0],[750.0, 245.0],(358.0, 923.0),(526.0, 126.0)
28825828691700,0.17006802720365358,0.08865248226753873,[751.0, 245.0],[751.0, 245.0],(392.0, 660.0),(752.0, 971.0)
28825835110300,0.06060606060422406,0.03623188405731464,[751.0, 245.0],[751.0, 245.0],(550.0, 842.0),(920.0, 32.0)
28825841340500,0.0,0.0,[751.0, 245.0],[751.0, 245.0],(467.0, 687.0),(210.0, 319.0)
28825846992900,0.0,0.0,[751.0, 245.0],[751.0, 245.0],(86.0, 362.0),(386.0, 35.0)
28825852242600,0.0,0.0,[751.0, 245.0],[751.0, 245.0],(154.0, 583.0),(146.0, 890.0)
28825858078700,0.0,0.0,[751.0, 245.0],[751.0, 245.0],(805.0, 795.0),(808.0, 245.0)
28825864414800,0.03572704537270941,0.07610350075813914,[751.0, 245.0],[751.0, 245.0],(933.0, 886.0),(438.0, 492.0)
28825869924000,0.374531835170924,0.5167958655663054,[751.0, 245.0],[751.0, 245.0],(178.0, 791.0),(129.0, 481.0)
28825875893700,0.2717391304224756,0.13245033112290397,[752.0, 245.0],[752.0, 245.0],(368.0, 247.0),(755.0, 607.0)
28825881594500,0.12033694343922309,0.1396648044660227,[752.0, 245.0],[752.0, 245.0],(831.0, 507.0),(716.0, 117.0)
28825887540900,0.30254493686965067,0.24100821882638074,[753.0, 245.0],[753.0, 245.0],(445.0, 795.0),(822.0, 187.0)
28825893337900,0.5801067234742976,1.0470231333526574,[753.0, 245.0],[753.0, 245.0],(527.0, 235.0),(257.0, 476.0)
28825898655700,0.7088976347591671,0.6731284381037916,[755.0, 244.0],[755.0, 244.0],(486.0, 372.0),(633.0, 159.0)
28825904606700,0.2857781050146588,0.6304617512055527,[758.0, 244.0],[758.0, 244.0],(1056.0, 1075.0),(478.0, 557.0)
28825911268100,0.3806206152664603,0.2648570694563568,[758.0, 244.0],[758.0, 244.0],(703.0, 1063.0),(1018.0, 852.0)
28825916804800,11.112716010564462,1.012882447622889,[759.0, 244.0],[759.0, 244.0],(36.0, 353.0),(400.0, 414.0)
28825922816700,1.0865778563020874,12.82068789359247,[762.0, 243.0],[762.0, 243.0],(461.0, 1017.0),(39.0, 995.0)
28825953150200,0.43235296347527136,0.507198612306879,[766.0, 243.0],[766.0, 243.0],(932.0, 638.0),(793.0, 628.0)
28825960207300,0.43501903207082604,0.29368575623543164,[766.0, 243.0],[766.0, 243.0],(613.0, 991.0),(908.0, 1028.0)
28825967001500,0.9762900975609281,1.3409961684539276,[767.0, 243.0],[767.0, 243.0],(239.0, 634.0),(174.0, 786.0)
28825973613000,0.7700770076584116,0.26943802924808624,[769.0, 243.0],[769.0, 243.0],(303.0, 128.0),(866.0, 606.0)
28825979922100,0.166875260739114,3.1007751925965983,[770.0, 243.0],[770.0, 243.0],(799.0, 1051.0),(43.0, 1060.0)
28825986618300,0.03497726477728266,0.0651041666645474,[770.0, 243.0],[770.0, 243.0],(953.0, 151.0),(512.0, 954.0)
28825992682300,0.0,0.0,[770.0, 243.0],[770.0, 243.0],(203.0, 207.0),(683.0, 772.0)
28825998993200,0.0,0.0,[770.0, 243.0],[770.0, 243.0],(64.0, 27.0),(158.0, 451.0)
28826005216700,0.0,0.0,[770.0, 243.0],[770.0, 243.0],(111.0, 492.0),(673.0, 525.0)
28826011970100,0.0,0.0,[770.0, 243.0],[770.0, 243.0],(924.0, 635.0),(603.0, 660.0)
28826018102200,0.0,0.0,[770.0, 243.0],[770.0, 243.0],(766.0, 868.0),(649.0, 547.0)
28826024566000,0.0,0.0,[770.0, 243.0],[770.0, 243.0],(706.0, 214.0),(524.0, 873.0)
28826031799200,0.0,0.0,[770.0, 243.0],[770.0, 243.0],(481.0, 1.0),(126.0, 202.0)
28826038497200,0.0,0.0,[770.0, 243.0],[770.0, 243.0],(431.0, 320.0),(525.0, 936.0)
28826044194000,0.0,0.0,[770.0, 243.0],[770.0, 243.0],(356.0, 1071.0),(911.0, 814.0)
28826049588600,0.17452006979279927,0.05393743257675466,[770.0, 243.0],[770.0, 243.0],(191.0, 125.0),(618.0, 551.0)
28826057895200,0.6472491908337785,0.0678886625921947,[770.0, 243.0],[770.0, 243.0],(103.0, 229.0),(982.0, 461.0)
28826064416200,0.15396458813880046,0.1508295625885811,[771.0, 243.0],[771.0, 243.0],(433.0, 586.0),(442.0, 7.0)
28826070493900,0.041666666665798616,0.035423308536389954,[771.0, 243.0],[771.0, 243.0],(800.0, 1019.0),(941.0, 9.0)
28826077414900,0.059101654844589194,0.06640106241479413,[771.0, 243.0],[771.0, 243.0],(564.0, 600.0),(502.0, 385.0)
28826083972500,0.12610340478927903,0.21141649047880845,[771.0, 243.0],[771.0, 243.0],(793.0, 917.0),(473.0, 643.0)
28826090484500,0.3940110322933802,0.25562372187485627,[772.0, 243.0],[772.0, 243.0],(423.0, 339.0),(652.0, 977.0)
28826096280800,0.29976019183753716,0.23980815347146744,[773.0, 243.0],[773.0, 243.0],(556.0, 1045.0),(695.0, 775.0)
28826102371200,0.10695187165584756,0.13245033112290397,[774.0, 243.0],[774.0, 243.0],(935.0, 197.0),(755.0, 615.0)
28826108538000,0.06781959986321093,0.1629991849974328,[774.0, 243.0],[774.0, 243.0],(983.0, 1080.0),(409.0, 621.0)
28826114964000,0.0836470096176569,0.11242270938413652,[774.0, 243.0],[774.0, 243.0],(797.0, 720.0),(593.0, 168.0)
28826120950400,0.17730496453507746,0.25740025739197553,[775.0, 243.0],[775.0, 243.0],(752.0, 194.0),(518.0, 2.0)
28826127027500,0.2447381301946956,0.30581039754416484,[775.0, 243.0],[775.0, 243.0],(681.0, 118.0),(545.0, 502.0)
28826132926800,0.15994881637620043,0.38226299692728355,[777.0, 243.0],[777.0, 243.0],(1042.0, 249.0),(436.0, 425.0)
28826138921300,3.3898305075169968,0.48426150119111133,[777.0, 243.0],[777.0, 243.0],(59.0, 288.0),(413.0, 1029.0)
28826145008200,38.09523800453515,0.48309178742502745,[778.0, 243.0],[778.0, 243.0],(7.0, 471.0),(552.0, 1026.0)
28826151044200,2.083333333092207,0.5747126436598112,[780.0, 243.0],[780.0, 243.0],(144.0, 746.0),(522.0, 115.0)
28826156959800,0.3518029903176824,0.47114252059861184,[782.0, 243.0],[782.0, 243.0],(758.0, 30.0),(566.0, 18.0)
28826163004000,1.1734813358431955,1.405416364446752,[782.0, 243.0],[782.0, 243.0],(245.0, 76.0),(191.0, 207.0)
28826168969800,1.510969240697593,0.8819714320615551,[784.0, 243.0],[784.0, 243.0],(265.0, 979.0),(467.0, 317.0)
28826174903900,0.522685330372084,0.48285614446001246,[786.0, 242.0],[786.0, 242.0],(901.0, 949.0),(977.0, 943.0)
28826180729200,1.0639222561828838,6.879182715029954,[790.0, 242.0],[790.0, 242.0],(432.0, 282.0),(63.0, 911.0)
28826186472600,2.1961634352698645,6.5211266035693845,[790.0, 242.0],[790.0, 242.0],(693.0, 95.0),(67.0, 240.0)
28826192269900,2.0008782890655468,7.148216724960344,[793.0, 240.0],[793.0, 240.0],(1007.0, 137.0),(343.0, 38.0)
28826198616900,1.1108593446695327,0.718031133205426,[796.0, 238.0],[796.0, 238.0],(500.0, 332.0),(697.0, 771.0)
28826204217900,1.8549131381112691,8.572686306869294,[798.0, 238.0],[798.0, 238.0],(244.0, 48.0),(35.0, 454.0)
28826210389400,0.30651340994994203,0.1949317738743925,[799.0, 238.0],[799.0, 238.0],(435.0, 1008.0),(684.0, 549.0)
28826217125000,0.4208819013900021,0.45660243111106824,[799.0, 238.0],[799.0, 238.0],(160.0, 561.0),(149.0, 366.0)
28826223016000,0.23606388008685006,2.589992993340953,[799.0, 238.0],[799.0, 238.0],(647.0, 579.0),(365.0, 26.0)
28826229803000,0.8365813914277025,1.2156525904961506,[800.0, 237.0],[800.0, 237.0],(756.0, 84.0),(165.0, 720.0)
28826235652500,1.0567786594718063,0.6073768742679376,[802.0, 237.0],[802.0, 237.0],(204.0, 169.0),(897.0, 118.0)
28826241494000,0.4427207255795534,1.77462881178546,[802.0, 237.0],[802.0, 237.0],(534.0, 936.0),(873.0, 38.0)
28826247599900,2.7937709437605354,0.5950201405758501,[803.0, 236.0],[803.0, 236.0],(144.0, 335.0),(759.0, 362.0)
28826253696700,2.5746302494744517,1.5950269072841474,[806.0, 236.0],[806.0, 236.0],(301.0, 621.0),(709.0, 199.0)
28826259797800,1.222778062534148,1.2092612175555606,[810.0, 235.0],[810.0, 235.0],(878.0, 500.0),(828.0, 629.0)
28826266199900,28.220322355497153,3.2738764620310894,[818.0, 231.0],[818.0, 231.0],(972.0, 13.0),(554.0, 129.0)
28826272122300,1.2139574317995991,2.0449587817982744,[818.0, 231.0],[818.0, 231.0],(1073.0, 433.0),(465.0, 937.0)
28826278492900,22.605034001895245,3.119088818450439,[825.0, 229.0],[825.0, 229.0],(52.0, 157.0),(384.0, 614.0)
28826284424300,51.40034738598541,15.409506146603267,[831.0, 226.0],[831.0, 226.0],(24.0, 430.0),(81.0, 197.0)
28826290448900,1.6655238165053285,273.33397337313863,[840.0, 223.0],[840.0, 223.0],(886.0, 849.0),(5.0, 901.0)
28826296754400,61.00025635740565,8.815368430109206,[840.0, 223.0],[840.0, 223.0],(442.0, 17.0),(361.0, 167.0)
28826302699700,9.199154265392442,6.4970131528844695,[857.0, 216.0],[857.0, 216.0],(1068.0, 242.0),(970.0, 405.0)
28826308451600,8.199153044947405,108.14723061208109,[882.0, 202.0],[882.0, 202.0],(840.0, 653.0),(79.0, 37.0)
28826315558300,16.065281795253846,8.68814604983057,[918.0, 183.0],[918.0, 183.0],(654.0, 272.0),(896.0, 738.0)
28826322582100,15.293813732604315,16.597962136217983,[951.0, 167.0],[951.0, 167.0],(438.0, 827.0),(442.0, 421.0)
28826329601800,87.60883878904974,7.519265188120313,[986.0, 149.0],[986.0, 149.0],(210.0, 30.0),(815.0, 561.0)
28826335637300,4.930964722697605,16.73805398730136,[1008.0, 137.0],[1008.0, 137.0],(717.0, 869.0),(298.0, 136.0)
28826341301400,12.983114480903994,8.976646781895932,[1008.0, 137.0],[1008.0, 137.0],(819.0, 100.0),(486.0, 167.0)
28826346999900,43.053648359229555,3.498582851528389,[1026.0, 127.0],[1026.0, 127.0],(55.0, 870.0),(1053.0, 460.0)
28826353870600,7.229834227291809,6.372222712317357,[1038.0, 121.0],[1038.0, 121.0],(432.0, 202.0),(350.0, 574.0)
